,time,summary,sunriseTime,moonPhase,precipIntensity,precipIntensityMax,precipIntensityMaxTime,precipProbability,precipType,temperatureHigh,temperatureHighTime,temperatureLow,temperatureHigh.1,temperatureLowTime,apparentTemperatureHigh,apparentTemperatureHighTime,apparentTemperatureLowTime,apparentTemperatureLow,dewPoint,humidity,pressure,windSpeed,windGust,windBearing,cloudCover,uvIndex,visibility,ozone,temperatureMin,temperatureMinTime,temperatureMaxTime,temperatureMax,apparentTemperatureMin,apparentTemperatureMinTime,apparentTemperatureMax,apparentTemperatureMaxTime
0,2019-01-01 01:00,Possible drizzle in the evening and overnight.,2019-01-01 08:00,0.87,0.0656,0.2337,2019-01-01 23:00,0.47,rain,4.04,2019-01-01 19:00,2.8,4.04,2019-01-02 07:00,1.46,2019-01-01 18:00,2019-01-02 08:00,-2.86,-1.07,0.89,1025.48,2.47,14.65,217,0.51,1,8.868,319.4,-4.5,2019-01-01 09:00,2019-01-01 19:00,4.04,-7.06,2019-01-01 09:00,1.46,2019-01-01 18:00
1,2019-01-02 01:00,Possible drizzle in the morning.,2019-01-02 08:00,0.9,0.0609,0.3495,2019-01-02 02:00,0.61,rain,5.33,2019-01-02 11:00,-0.68,5.33,2019-01-03 08:00,-0.29,2019-01-02 14:00,2019-01-03 09:00,-8.13,-1.45,0.7,1015.8,8.51,16.36,292,0.67,1,9.905,341.7,1.25,2019-01-03 00:00,2019-01-02 11:00,5.33,-5.25,2019-01-03 00:00,1.17,2019-01-02 04:00
2,2019-01-03 01:00,Partly cloudy throughout the day.,2019-01-03 08:00,0.93,0.0005,0.0041,2019-01-03 07:00,0.01,snow,1.37,2019-01-03 13:00,-4.46,1.37,2019-01-04 02:00,-5.08,2019-01-03 13:00,2019-01-04 02:00,-9.62,-6.71,0.63,1023.91,8.65,17.31,311,0.44,1,10.007,347.8,-3.63,2019-01-04 00:00,2019-01-03 13:00,1.37,-9.2,2019-01-04 00:00,-5.08,2019-01-03 13:00
3,2019-01-04 01:00,Foggy in the morning and overnight.,2019-01-04 08:00,0.96,0.0125,0.1227,2019-01-05 00:00,0.04,snow,0.94,2019-01-04 15:00,-3.3,0.94,2019-01-04 20:00,-3.55,2019-01-04 15:00,2019-01-04 20:00,-6.36,-6.92,0.7,1027.93,3.57,10.13,308,0.45,1,9.041,299.8,-4.46,2019-01-04 02:00,2019-01-04 15:00,0.94,-9.62,2019-01-04 02:00,-2.37,2019-01-04 23:00
4,2019-01-05 01:00,Light snow until evening.,2019-01-05 08:00,0.99,0.2778,0.8033,2019-01-05 14:00,0.91,snow,2.77,2019-01-05 18:00,-7.48,2.77,2019-01-06 04:00,-1.97,2019-01-05 18:00,2019-01-06 07:00,-14.12,-1.08,0.98,1018.35,3.39,12.96,255,0.87,1,4.069,291.0,-6.65,2019-01-06 00:00,2019-01-05 18:00,2.77,-11.63,2019-01-06 00:00,-1.97,2019-01-05 18:00
5,2019-01-06 01:00,Partly cloudy throughout the day.,2019-01-06 08:00,0.02,0.0025,0.0137,2019-01-06 23:00,0.11,snow,2.26,2019-01-06 13:00,-10.94,2.26,2019-01-07 08:00,-3.34,2019-01-06 13:00,2019-01-07 08:00,-15.01,-5.01,0.83,1019.5,5.21,14.44,318,0.53,1,9.122,346.8,-7.48,2019-01-06 04:00,2019-01-06 13:00,2.26,-14.12,2019-01-06 07:00,-3.34,2019-01-06 13:00
6,2019-01-07 01:00,Clear throughout the day.,2019-01-07 08:00,0.05,0.0006,0.003,2019-01-07 23:00,0.02,snow,-0.99,2019-01-07 14:00,-12.55,-0.99,2019-01-07 23:00,-2.64,2019-01-07 13:00,2019-01-07 23:00,-12.55,-9.53,0.81,1029.38,1.42,7.26,305,0.18,1,9.819,325.5,-12.55,2019-01-07 23:00,2019-01-07 14:00,-0.99,-15.01,2019-01-07 08:00,-2.64,2019-01-07 13:00
7,2019-01-08 01:00,Possible light snow throughout the day.,2019-01-08 08:00,0.08,0.2791,0.6423,2019-01-08 15:00,0.81,snow,-1.36,2019-01-08 17:00,-3.79,-1.36,2019-01-08 21:00,-3.91,2019-01-08 18:00,2019-01-09 07:00,-8.44,-5.07,0.98,1017.27,2.24,8.7,144,0.89,1,2.481,311.8,-9.88,2019-01-08 02:00,2019-01-08 17:00,-1.36,-12.2,2019-01-08 03:00,-3.91,2019-01-08 18:00
8,2019-01-09 01:00,Possible flurries in the morning and afternoon.,2019-01-09 08:00,0.11,0.1487,0.8965,2019-01-09 02:00,0.7,snow,-1.24,2019-01-09 17:00,-3.49,-1.24,2019-01-10 09:00,-2.57,2019-01-09 09:00,2019-01-09 20:00,-6.53,-2.59,0.97,1006.29,2.25,12.8,51,0.82,1,4.357,388.9,-3.66,2019-01-09 08:00,2019-01-09 17:00,-1.24,-8.44,2019-01-09 07:00,-2.12,2019-01-09 06:00
9,2019-01-10 01:00,Mostly cloudy throughout the day.,2019-01-10 08:00,0.14,0.0052,0.0269,2019-01-10 01:00,0.15,snow,0.33,2019-01-10 15:00,-9.18,0.33,2019-01-11 07:00,-2.5,2019-01-10 16:00,2019-01-11 09:00,-14.71,-3.47,0.93,1012.97,2.65,5.07,327,0.52,1,5.821,396.7,-3.97,2019-01-10 21:00,2019-01-10 15:00,0.33,-8.34,2019-01-10 21:00,-2.5,2019-01-10 16:00
10,2019-01-11 01:00,Partly cloudy throughout the day.,2019-01-11 08:00,0.17,0.0015,0.0065,2019-01-11 11:00,0.04,snow,0.44,2019-01-11 16:00,-4.69,0.44,2019-01-12 00:00,-3.82,2019-01-11 16:00,2019-01-11 21:00,-10.83,-6.01,0.84,1019.4,4.53,11.13,298,0.18,1,7.542,381.6,-9.18,2019-01-11 07:00,2019-01-11 16:00,0.44,-14.71,2019-01-11 09:00,-3.82,2019-01-11 16:00
11,2019-01-12 01:00,Mostly cloudy throughout the day.,2019-01-12 08:00,0.2,0.035,0.0963,2019-01-12 07:00,0.24,snow,3.51,2019-01-12 16:00,1.24,3.51,2019-01-12 23:00,0.38,2019-01-12 20:00,2019-01-13 07:00,-1.75,-0.45,0.91,1015.97,4.87,13.02,266,0.85,1,10.603,356.0,-3.38,2019-01-12 01:00,2019-01-12 16:00,3.51,-7.86,2019-01-12 06:00,0.38,2019-01-12 20:00
12,2019-01-13 01:00,"Possible light rain until morning, starting again in the evening.",2019-01-13 08:00,0.24,0.1308,0.5487,2019-01-14 00:00,0.77,rain,5.33,2019-01-13 16:00,1.56,5.33,2019-01-14 02:00,3.58,2019-01-13 16:00,2019-01-14 02:00,-1.3,1.21,0.89,1007.19,2.79,15.06,209,0.72,1,10.591,360.0,1.51,2019-01-13 10:00,2019-01-13 16:00,5.33,-1.75,2019-01-13 07:00,3.58,2019-01-13 16:00
13,2019-01-14 01:00,Possible drizzle in the morning.,2019-01-14 08:00,0.27,0.0751,0.636,2019-01-14 01:00,0.71,rain,7.3,2019-01-14 13:00,-1.52,7.3,2019-01-15 03:00,1.85,2019-01-14 13:00,2019-01-15 03:00,-7.72,-1.25,0.71,999.06,8.49,20.22,289,0.67,1,9.74,356.3,1.4,2019-01-15 00:00,2019-01-14 13:00,7.3,-5.18,2019-01-15 00:00,1.85,2019-01-14 13:00
14,2019-01-15 01:00,Foggy in the afternoon.,2019-01-15 08:00,0.3,0.0095,0.054,2019-01-15 14:00,0.34,rain,4.81,2019-01-15 20:00,4.64,4.81,2019-01-16 01:00,-0.22,2019-01-15 20:00,2019-01-15 22:00,-0.92,-3.35,0.67,1013.55,7.77,17.19,285,0.44,1,9.764,355.8,-1.52,2019-01-15 03:00,2019-01-15 22:00,4.87,-7.72,2019-01-15 03:00,0.6,2019-01-16 00:00
15,2019-01-16 01:00,Windy in the morning and afternoon.,2019-01-16 08:00,0.34,0.0031,0.0102,2019-01-16 11:00,0.13,rain,7.74,2019-01-16 13:00,-3.17,7.74,2019-01-17 05:00,4.92,2019-01-16 17:00,2019-01-17 05:00,-5.99,0.17,0.69,1014.13,6.52,17.97,274,0.83,1,10.384,307.0,0.4,2019-01-16 23:00,2019-01-16 13:00,7.74,-1.79,2019-01-16 23:00,4.92,2019-01-16 17:00
16,2019-01-17 01:00,Possible drizzle in the morning and overnight.,2019-01-17 08:00,0.37,0.0194,0.1329,2019-01-17 20:00,0.17,rain,11.58,2019-01-17 15:00,4.52,11.58,2019-01-18 09:00,11.58,2019-01-17 15:00,2019-01-18 09:00,1.19,1.56,0.84,1011.52,2.27,14.01,178,0.72,1,11.057,292.0,-3.17,2019-01-17 05:00,2019-01-17 15:00,11.58,-5.99,2019-01-17 05:00,11.58,2019-01-17 15:00
17,2019-01-18 01:00,Possible drizzle in the morning.,2019-01-18 08:00,0.41,0.087,0.3358,2019-01-18 02:00,0.8,rain,6.33,2019-01-18 11:00,-7.28,6.33,2019-01-19 05:00,3.82,2019-01-18 10:00,2019-01-19 02:00,-9.14,-0.46,0.73,1015.67,4.58,12.42,280,0.64,1,8.957,307.6,-1.71,2019-01-18 23:00,2019-01-18 07:00,6.57,-5.74,2019-01-19 00:00,4.9,2019-01-18 01:00
18,2019-01-19 01:00,Mostly cloudy throughout the day.,2019-01-19 08:00,0.45,0.0008,0.0041,2019-01-19 16:00,0.04,rain,2.8,2019-01-19 16:00,-1.59,2.8,2019-01-20 07:00,0.44,2019-01-19 16:00,2019-01-20 07:00,-5.04,-3.96,0.81,1021.84,2.02,6.6,62,0.68,1,10.003,329.8,-7.28,2019-01-19 05:00,2019-01-19 16:00,2.8,-9.14,2019-01-19 02:00,0.44,2019-01-19 16:00
19,2019-01-20 01:00,Foggy throughout the day.,2019-01-20 08:00,0.48,0.0375,0.1372,2019-01-20 11:00,0.28,snow,0.84,2019-01-20 16:00,-11.46,0.84,2019-01-21 06:00,-1.44,2019-01-20 14:00,2019-01-21 02:00,-13.48,-2.57,0.92,1018.15,1.94,5.37,4,0.82,1,4.474,344.0,-6.76,2019-01-20 22:00,2019-01-20 16:00,0.84,-10.38,2019-01-20 23:00,-1.44,2019-01-20 14:00
20,2019-01-21 01:00,Foggy in the morning.,2019-01-21 08:00,0.52,0.0008,0.0072,2019-01-21 08:00,0.02,snow,0.18,2019-01-21 16:00,-6.43,0.18,2019-01-22 03:00,-0.6,2019-01-21 12:00,2019-01-22 07:00,-7.71,-6.63,0.93,1022.21,1.3,3.44,97,0.28,1,5.777,359.6,-11.46,2019-01-21 06:00,2019-01-21 16:00,0.18,-13.48,2019-01-21 02:00,-0.6,2019-01-21 12:00
21,2019-01-22 01:00,Mostly cloudy throughout the day.,2019-01-22 08:00,0.56,0.0007,0.002,2019-01-22 05:00,0.04,snow,-2.0,2019-01-22 13:00,-7.73,-2.0,2019-01-22 22:00,-4.48,2019-01-22 08:00,2019-01-22 22:00,-11.65,-6.05,0.88,1015.89,1.53,4.35,37,0.72,1,6.434,355.9,-7.73,2019-01-22 22:00,2019-01-22 13:00,-2.0,-11.65,2019-01-22 22:00,-4.48,2019-01-22 08:00
22,2019-01-23 01:00,Possible light snow in the morning.,2019-01-23 08:00,0.6,0.1196,0.4791,2019-01-23 08:00,0.43,snow,-0.77,2019-01-23 13:00,-1.98,-0.77,2019-01-24 08:00,-3.89,2019-01-23 13:00,2019-01-24 09:00,-8.34,-2.95,0.98,1004.47,2.22,5.03,17,0.96,1,3.871,353.9,-5.02,2019-01-23 02:00,2019-01-23 13:00,-0.77,-8.66,2019-01-23 01:00,-2.93,2019-01-24 00:00
23,2019-01-24 01:00,"Foggy until morning, starting again in the evening.",2019-01-24 08:00,0.64,0.0432,0.1695,2019-01-24 20:00,0.26,snow,2.95,2019-01-24 14:00,-4.31,2.95,2019-01-25 08:00,-1.48,2019-01-24 14:00,2019-01-25 09:00,-11.08,-1.8,0.91,1004.69,4.85,8.15,315,0.97,1,6.81,368.2,-2.51,2019-01-24 23:00,2019-01-24 14:00,2.95,-8.34,2019-01-24 09:00,-1.48,2019-01-24 14:00
24,2019-01-25 01:00,Foggy in the morning.,2019-01-25 08:00,0.68,0.0252,0.092,2019-01-25 07:00,0.08,snow,-0.98,2019-01-25 18:00,-6.72,-0.98,2019-01-26 09:00,-5.43,2019-01-25 18:00,2019-01-26 07:00,-12.45,-6.07,0.81,1011.23,4.95,11.65,305,0.87,1,6.9,384.8,-4.7,2019-01-26 00:00,2019-01-25 18:00,-0.98,-11.08,2019-01-25 09:00,-5.43,2019-01-25 18:00
25,2019-01-26 01:00,Foggy in the morning and overnight.,2019-01-26 08:00,0.71,0.0179,0.0731,2019-01-27 00:00,0.1,rain,1.51,2019-01-26 15:00,-1.16,1.51,2019-01-26 22:00,-1.31,2019-01-26 18:00,2019-01-26 21:00,-5.04,-5.14,0.79,1010.94,4.32,13.69,271,0.96,1,9.808,366.0,-6.72,2019-01-26 09:00,2019-01-26 15:00,1.51,-12.45,2019-01-26 07:00,-1.31,2019-01-26 18:00
26,2019-01-27 01:00,Foggy in the morning.,2019-01-27 08:00,0.75,0.034,0.1905,2019-01-27 23:00,0.22,rain,2.67,2019-01-27 16:00,-0.7,2.67,2019-01-27 23:00,-1.29,2019-01-27 16:00,2019-01-27 20:00,-5.69,-1.03,0.92,1004.7,3.16,9.18,108,0.82,1,7.239,337.0,-1.1,2019-01-27 01:00,2019-01-27 16:00,2.67,-5.69,2019-01-27 20:00,-1.29,2019-01-27 16:00
27,2019-01-28 01:00,Possible light sleet in the morning and afternoon.,2019-01-28 08:00,0.78,0.2256,1.4336,2019-01-28 11:00,0.64,sleet,1.12,2019-01-28 20:00,-4.43,1.12,2019-01-29 04:00,0.72,2019-01-28 15:00,2019-01-29 00:00,-7.49,-0.12,0.99,999.14,2.11,6.49,11,0.86,1,4.153,332.5,-3.57,2019-01-29 00:00,2019-01-28 21:00,1.31,-7.49,2019-01-29 00:00,0.72,2019-01-28 15:00
28,2019-01-29 01:00,Foggy in the morning and overnight.,2019-01-29 08:00,0.81,0.0053,0.0449,2019-01-29 23:00,0.04,snow,4.92,2019-01-29 15:00,-1.72,4.92,2019-01-29 21:00,0.56,2019-01-29 12:00,2019-01-30 04:00,-3.64,-0.76,0.93,1006.63,3.28,11.27,293,0.68,1,8.48,350.1,-4.43,2019-01-29 04:00,2019-01-29 15:00,4.92,-7.45,2019-01-29 01:00,0.56,2019-01-29 12:00
29,2019-01-30 01:00,Possible flurries in the afternoon.,2019-01-30 08:00,0.85,0.0061,0.0287,2019-01-30 11:00,0.34,snow,1.39,2019-01-30 15:00,-4.43,1.39,2019-01-31 03:00,1.39,2019-01-30 15:00,2019-01-31 03:00,-7.59,0.1,0.97,1004.83,0.98,2.74,97,0.91,1,4.084,342.1,-1.4,2019-01-30 04:00,2019-01-30 15:00,1.39,-3.64,2019-01-30 04:00,1.39,2019-01-30 15:00
30,2019-01-31 01:00,Foggy in the morning and overnight.,2019-01-31 08:00,0.88,0.0139,0.0584,2019-01-31 22:00,0.19,snow,5.16,2019-01-31 16:00,0.0,5.16,2019-02-01 02:00,5.16,2019-01-31 16:00,2019-02-01 09:00,-4.51,-1.16,0.9,1005.88,1.38,5.8,201,0.63,1,5.086,360.1,-4.43,2019-01-31 03:00,2019-01-31 16:00,5.16,-7.59,2019-01-31 03:00,5.16,2019-01-31 16:00
31,2019-02-01 01:00,"Possible light rain until morning, starting again in the evening.",2019-02-01 08:00,0.91,0.1274,0.3961,2019-02-01 08:00,0.64,rain,3.84,2019-02-01 20:00,3.84,3.84,2019-02-01 20:00,1.09,2019-02-01 20:00,2019-02-02 01:00,0.36,1.83,0.99,1006.82,3.66,9.98,105,0.99,1,8.416,330.7,0.0,2019-02-01 02:00,2019-02-02 00:00,3.92,-4.51,2019-02-01 09:00,2.06,2019-02-01 23:00
32,2019-02-02 01:00,Possible drizzle in the morning.,2019-02-02 08:00,0.94,0.0979,0.4123,2019-02-02 02:00,0.8,rain,12.08,2019-02-02 16:00,6.44,12.08,2019-02-03 09:00,12.08,2019-02-02 16:00,2019-02-03 04:00,3.24,6.91,0.94,1003.92,2.78,12.21,75,0.97,1,9.693,299.9,4.03,2019-02-02 01:00,2019-02-02 16:00,12.08,0.36,2019-02-02 01:00,12.08,2019-02-02 16:00
33,2019-02-03 01:00,Light rain starting in the afternoon.,2019-02-03 08:00,0.97,0.2479,0.7482,2019-02-03 19:00,0.88,rain,10.15,2019-02-03 14:00,1.56,10.15,2019-02-04 07:00,10.15,2019-02-03 14:00,2019-02-04 00:00,-3.36,6.28,0.94,1007.27,3.87,11.99,22,0.9,1,9.175,324.7,2.79,2019-02-04 00:00,2019-02-03 14:00,10.15,-3.36,2019-02-04 00:00,10.15,2019-02-03 14:00
34,2019-02-04 01:00,Partly cloudy throughout the day.,2019-02-04 08:00,1.0,0.0018,0.0333,2019-02-04 01:00,0.13,rain,5.63,2019-02-04 14:00,-0.1,5.63,2019-02-05 08:00,1.41,2019-02-04 15:00,2019-02-05 05:00,-2.19,1.2,0.85,1026.11,6.15,14.96,296,0.56,1,9.861,342.6,1.56,2019-02-04 07:00,2019-02-04 14:00,5.63,-3.32,2019-02-04 06:00,1.41,2019-02-04 15:00
35,2019-02-05 01:00,Overcast throughout the day.,2019-02-05 08:00,0.03,0.0026,0.0187,2019-02-05 17:00,0.09,rain,5.4,2019-02-05 15:00,-3.62,5.4,2019-02-06 06:00,2.93,2019-02-05 15:00,2019-02-06 04:00,-8.27,0.98,0.92,1029.13,2.39,5.93,305,0.81,1,10.387,341.3,-0.77,2019-02-06 00:00,2019-02-05 15:00,5.4,-5.15,2019-02-05 23:00,2.93,2019-02-05 15:00
36,2019-02-06 01:00,Clear throughout the day.,2019-02-06 08:00,0.06,0.0007,0.0022,2019-02-06 09:00,0.03,snow,6.39,2019-02-06 15:00,-7.93,6.39,2019-02-07 08:00,4.98,2019-02-06 16:00,2019-02-07 08:00,-7.93,-3.38,0.79,1028.46,2.55,6.28,320,0.01,2,10.511,318.3,-3.85,2019-02-07 00:00,2019-02-06 15:00,6.39,-8.27,2019-02-06 04:00,4.98,2019-02-06 16:00
37,2019-02-08 01:00,Foggy in the morning and overnight.,2019-02-08 08:00,0.12,0.0011,0.0051,2019-02-08 08:00,0.1,snow,4.67,2019-02-08 16:00,-0.8,4.67,2019-02-08 20:00,3.03,2019-02-08 16:00,2019-02-09 07:00,-1.75,-0.64,0.93,1022.84,1.23,7.09,203,0.66,2,6.315,330.7,-4.63,2019-02-08 08:00,2019-02-08 16:00,4.67,-5.0,2019-02-08 02:00,3.03,2019-02-08 16:00
38,2019-02-09 01:00,"Foggy until morning, starting again in the evening.",2019-02-09 08:00,0.15,0.0029,0.02,2019-02-09 09:00,0.05,rain,6.38,2019-02-09 16:00,-1.13,6.38,2019-02-10 09:00,3.76,2019-02-09 16:00,2019-02-10 07:00,-4.63,1.11,0.91,1021.72,2.51,6.32,155,0.72,1,5.755,365.0,-0.64,2019-02-09 21:00,2019-02-09 16:00,6.38,-2.99,2019-02-09 21:00,3.76,2019-02-09 16:00
39,2019-02-10 01:00,Light rain in the morning and overnight.,2019-02-10 07:00,0.18,0.0393,0.4278,2019-02-11 00:00,0.31,rain,7.79,2019-02-10 20:00,5.65,7.79,2019-02-11 07:00,4.63,2019-02-10 20:00,2019-02-11 07:00,2.84,1.92,0.92,1016.21,3.89,16.81,129,0.87,2,3.357,356.2,-1.13,2019-02-10 09:00,2019-02-10 23:00,10.04,-4.63,2019-02-10 07:00,10.04,2019-02-10 23:00
40,2019-02-11 01:00,Possible drizzle in the morning.,2019-02-11 07:00,0.21,0.1333,0.7097,2019-02-11 02:00,0.83,rain,8.97,2019-02-11 12:00,2.46,8.97,2019-02-12 04:00,5.31,2019-02-11 12:00,2019-02-12 04:00,-2.85,2.89,0.75,1007.91,6.81,17.7,286,0.85,1,9.944,430.3,5.35,2019-02-11 23:00,2019-02-11 01:00,9.58,0.24,2019-02-12 00:00,6.41,2019-02-11 01:00
41,2019-02-12 01:00,Dangerously windy and partly cloudy throughout the day.,2019-02-12 07:00,0.25,0.0013,0.0041,2019-02-12 05:00,0.08,rain,6.2,2019-02-12 14:00,-2.55,6.2,2019-02-13 08:00,1.01,2019-02-12 14:00,2019-02-13 08:00,-6.45,-3.4,0.61,1022.09,8.51,21.56,305,0.28,1,10.001,438.3,0.34,2019-02-13 00:00,2019-02-12 14:00,6.2,-4.16,2019-02-12 22:00,1.01,2019-02-12 14:00
42,2019-02-13 01:00,Partly cloudy throughout the day.,2019-02-13 07:00,0.28,0.0012,0.0031,2019-02-13 14:00,0.1,rain,5.55,2019-02-13 16:00,-2.63,5.55,2019-02-14 08:00,2.0,2019-02-13 14:00,2019-02-14 07:00,-7.07,-0.66,0.81,1033.87,4.18,13.66,284,0.35,2,10.574,361.1,-2.55,2019-02-13 08:00,2019-02-13 16:00,5.55,-6.45,2019-02-13 08:00,2.0,2019-02-13 14:00
43,2019-02-14 01:00,Partly cloudy throughout the day.,2019-02-14 07:00,0.32,0.0017,0.0041,2019-02-14 02:00,0.07,rain,12.63,2019-02-14 16:00,-1.67,12.63,2019-02-15 08:00,12.63,2019-02-14 16:00,2019-02-15 07:00,-4.96,2.63,0.82,1033.67,4.1,13.07,309,0.41,2,10.734,321.3,-2.63,2019-02-14 08:00,2019-02-14 16:00,12.63,-7.07,2019-02-14 07:00,12.63,2019-02-14 16:00
44,2019-02-15 01:00,Foggy in the morning and overnight.,2019-02-15 07:00,0.35,0.0005,0.002,2019-02-15 01:00,0.03,rain,11.51,2019-02-15 16:00,-5.31,11.51,2019-02-16 08:00,11.51,2019-02-15 16:00,2019-02-16 01:00,-5.89,0.81,0.85,1034.05,1.97,3.73,281,0.53,2,8.844,321.7,-1.67,2019-02-15 08:00,2019-02-15 16:00,11.51,-4.96,2019-02-15 07:00,11.51,2019-02-15 16:00
45,2019-02-16 01:00,Foggy in the morning and overnight.,2019-02-16 07:00,0.39,0.0013,0.0041,2019-02-16 20:00,0.07,rain,11.49,2019-02-16 16:00,-3.83,11.49,2019-02-17 06:00,11.49,2019-02-16 16:00,2019-02-17 06:00,-3.83,-0.3,0.9,1032.19,1.37,2.98,218,0.18,2,5.139,342.1,-5.31,2019-02-16 08:00,2019-02-16 16:00,11.49,-5.89,2019-02-16 01:00,11.49,2019-02-16 16:00
46,2019-02-17 01:00,Foggy in the morning.,2019-02-17 07:00,0.43,0.0013,0.0041,2019-02-17 20:00,0.06,rain,13.45,2019-02-17 16:00,-4.87,13.45,2019-02-18 05:00,13.45,2019-02-17 16:00,2019-02-18 05:00,-4.87,0.06,0.86,1028.71,1.09,3.33,206,0.23,3,4.818,278.2,-3.83,2019-02-17 06:00,2019-02-17 16:00,13.45,-3.83,2019-02-17 06:00,13.45,2019-02-17 16:00
47,2019-02-18 01:00,Foggy in the morning.,2019-02-18 07:00,0.47,0.0007,0.003,2019-02-18 14:00,0.04,rain,14.33,2019-02-18 16:00,-3.88,14.33,2019-02-19 07:00,14.33,2019-02-18 16:00,2019-02-19 05:00,-5.71,-0.12,0.81,1025.11,1.07,2.18,152,0.49,3,6.159,267.8,-4.87,2019-02-18 05:00,2019-02-18 16:00,14.33,-4.87,2019-02-18 05:00,14.33,2019-02-18 16:00
48,2019-02-19 01:00,Foggy in the morning.,2019-02-19 07:00,0.51,0.0011,0.0051,2019-02-19 15:00,0.03,rain,14.68,2019-02-19 16:00,-2.58,14.68,2019-02-20 02:00,14.68,2019-02-19 16:00,2019-02-20 05:00,-6.85,1.07,0.83,1020.94,2.09,4.69,261,0.2,3,6.926,275.9,-3.88,2019-02-19 07:00,2019-02-19 16:00,14.68,-5.71,2019-02-19 05:00,14.68,2019-02-19 16:00
49,2019-02-20 01:00,Mostly cloudy throughout the day.,2019-02-20 07:00,0.55,0.0014,0.0041,2019-02-20 02:00,0.04,rain,13.14,2019-02-20 14:00,-3.24,13.14,2019-02-21 04:00,13.14,2019-02-20 14:00,2019-02-21 04:00,-6.74,0.38,0.74,1022.98,4.67,10.2,290,0.52,2,9.773,341.6,-2.58,2019-02-20 02:00,2019-02-20 14:00,13.14,-6.85,2019-02-20 05:00,13.14,2019-02-20 14:00
50,2019-02-21 01:00,Possible drizzle overnight.,2019-02-21 07:00,0.59,0.0395,0.3877,2019-02-22 00:00,0.36,rain,12.6,2019-02-21 15:00,6.14,12.6,2019-02-22 04:00,12.6,2019-02-21 15:00,2019-02-22 01:00,2.71,0.33,0.71,1026.49,3.27,10.13,286,0.58,2,9.872,338.8,-3.24,2019-02-21 04:00,2019-02-21 15:00,12.6,-6.74,2019-02-21 04:00,12.6,2019-02-21 15:00
51,2019-02-22 01:00,Possible drizzle in the morning.,2019-02-22 07:00,0.62,0.1043,0.3533,2019-02-22 01:00,0.78,rain,12.47,2019-02-22 13:00,-6.56,12.47,2019-02-23 08:00,12.47,2019-02-22 13:00,2019-02-23 07:00,-11.95,-0.59,0.65,1026.31,5.98,13.7,328,0.67,2,9.859,392.6,-1.41,2019-02-23 00:00,2019-02-22 13:00,12.47,-8.28,2019-02-23 00:00,12.47,2019-02-22 13:00
52,2019-02-23 01:00,Partly cloudy throughout the day.,2019-02-23 07:00,0.66,0.0012,0.003,2019-02-23 08:00,0.03,snow,3.62,2019-02-23 17:00,-8.06,3.62,2019-02-24 05:00,1.4,2019-02-23 16:00,2019-02-24 05:00,-11.23,-14.05,0.4,1041.11,3.05,10.81,2,0.16,2,10.257,385.9,-6.56,2019-02-23 08:00,2019-02-23 17:00,3.62,-11.95,2019-02-23 07:00,1.4,2019-02-23 16:00
53,2019-02-24 01:00,Mostly cloudy throughout the day.,2019-02-24 07:00,0.69,0.0014,0.0051,2019-02-24 15:00,0.05,rain,3.61,2019-02-24 17:00,-4.81,3.61,2019-02-25 08:00,2.48,2019-02-24 20:00,2019-02-25 08:00,-4.81,-10.06,0.53,1040.06,1.64,3.71,296,0.47,2,10.257,323.2,-8.06,2019-02-24 05:00,2019-02-24 17:00,3.61,-11.23,2019-02-24 05:00,2.48,2019-02-24 20:00
54,2019-02-25 01:00,Mostly cloudy throughout the day.,2019-02-25 07:00,0.73,0.0012,0.0041,2019-02-25 17:00,0.03,rain,8.64,2019-02-25 17:00,-1.99,8.64,2019-02-26 05:00,6.19,2019-02-25 17:00,2019-02-26 05:00,-5.51,-5.75,0.58,1035.52,2.03,5.5,233,0.58,3,10.51,309.9,-4.81,2019-02-25 08:00,2019-02-25 17:00,8.64,-4.81,2019-02-25 08:00,6.19,2019-02-25 17:00
55,2019-02-26 01:00,Mostly cloudy throughout the day.,2019-02-26 07:00,0.76,0.0012,0.0041,2019-02-26 15:00,0.02,rain,16.18,2019-02-26 16:00,-1.13,16.18,2019-02-27 08:00,16.18,2019-02-26 16:00,2019-02-27 05:00,-4.83,-1.3,0.58,1026.1,5.67,16.31,316,0.71,2,10.071,328.5,-1.99,2019-02-26 05:00,2019-02-26 16:00,16.18,-5.51,2019-02-26 05:00,16.18,2019-02-26 16:00
56,2019-02-27 01:00,Partly cloudy throughout the day.,2019-02-27 07:00,0.79,0.001,0.0041,2019-02-27 02:00,0.01,rain,13.49,2019-02-27 15:00,-4.72,13.49,2019-02-28 04:00,13.49,2019-02-27 15:00,2019-02-28 04:00,-8.24,-0.59,0.65,1025.5,2.93,10.1,306,0.34,3,10.256,299.1,-1.13,2019-02-27 08:00,2019-02-27 15:00,13.49,-4.83,2019-02-27 05:00,13.49,2019-02-27 15:00
57,2019-02-28 01:00,Partly cloudy throughout the day.,2019-02-28 07:00,0.82,0.0,0.0,2019-02-28 01:00,0.0,,19.53,2019-02-28 17:00,9.21,19.53,2019-03-01 05:00,19.53,2019-02-28 17:00,2019-03-01 05:00,6.55,-1.89,0.55,1013.28,5.25,16.98,274,0.28,3,10.257,279.7,-4.72,2019-02-28 04:00,2019-02-28 17:00,19.53,-8.24,2019-02-28 04:00,19.53,2019-02-28 17:00
58,2019-03-01 01:00,Mostly cloudy throughout the day.,2019-03-01 07:00,0.85,0.0058,0.0176,2019-03-01 11:00,0.12,rain,14.38,2019-03-01 17:00,1.86,14.38,2019-03-02 08:00,14.38,2019-03-01 17:00,2019-03-02 07:00,0.88,3.82,0.62,1010.13,6.07,12.67,287,0.61,2,10.16,342.5,9.21,2019-03-01 05:00,2019-03-01 17:00,14.38,6.34,2019-03-02 00:00,14.38,2019-03-01 17:00
59,2019-03-02 01:00,Mostly cloudy throughout the day.,2019-03-02 07:00,0.88,0.0012,0.0092,2019-03-02 01:00,0.06,rain,10.32,2019-03-02 14:00,3.69,10.32,2019-03-03 03:00,10.32,2019-03-02 14:00,2019-03-02 21:00,1.07,1.25,0.71,1015.52,4.2,10.94,299,0.58,2,10.498,330.7,1.86,2019-03-02 08:00,2019-03-02 14:00,10.32,0.88,2019-03-02 07:00,10.32,2019-03-02 14:00
60,2019-03-03 01:00,Mostly cloudy throughout the day.,2019-03-03 07:00,0.91,0.0062,0.0246,2019-03-03 08:00,0.19,rain,12.75,2019-03-03 17:00,2.31,12.75,2019-03-04 05:00,12.75,2019-03-03 17:00,2019-03-04 05:00,0.73,3.53,0.78,1017.86,2.25,8.17,221,0.7,2,10.776,334.5,3.69,2019-03-03 03:00,2019-03-03 17:00,12.75,1.64,2019-03-03 03:00,12.75,2019-03-03 17:00
61,2019-03-04 01:00,Windy and mostly cloudy throughout the day.,2019-03-04 07:00,0.94,0.0128,0.1401,2019-03-05 00:00,0.11,rain,18.52,2019-03-04 16:00,7.78,18.52,2019-03-05 09:00,18.52,2019-03-04 16:00,2019-03-05 09:00,4.27,1.69,0.61,1007.52,4.74,18.45,206,0.82,3,9.611,325.3,2.31,2019-03-04 05:00,2019-03-04 16:00,18.52,0.73,2019-03-04 05:00,18.52,2019-03-04 16:00
62,2019-03-05 01:00,"Windy until afternoon, starting again overnight.",2019-03-05 07:00,0.97,0.0416,0.2062,2019-03-05 02:00,0.19,rain,14.86,2019-03-05 14:00,2.97,14.86,2019-03-05 22:00,14.86,2019-03-05 14:00,2019-03-06 07:00,0.93,-1.25,0.46,1010.33,7.29,16.58,275,0.47,3,10.316,382.2,2.97,2019-03-05 22:00,2019-03-05 14:00,14.86,0.99,2019-03-05 22:00,14.86,2019-03-05 14:00
63,2019-03-06 01:00,Mostly cloudy throughout the day.,2019-03-06 07:00,0.01,0.0397,0.3756,2019-03-06 02:00,0.16,rain,12.47,2019-03-06 17:00,6.16,12.47,2019-03-06 20:00,12.47,2019-03-06 17:00,2019-03-06 20:00,3.41,1.62,0.65,1017.57,4.06,17.87,235,0.63,2,10.769,389.7,4.87,2019-03-06 07:00,2019-03-06 17:00,12.47,0.93,2019-03-06 07:00,12.47,2019-03-06 17:00
64,2019-03-07 01:00,Mostly cloudy throughout the day.,2019-03-07 07:00,0.04,0.0106,0.0645,2019-03-07 23:00,0.07,rain,19.09,2019-03-07 19:00,4.14,19.09,2019-03-08 05:00,19.09,2019-03-07 19:00,2019-03-08 05:00,4.14,3.57,0.52,1010.34,5.73,16.16,184,0.82,3,10.784,329.5,8.32,2019-03-07 05:00,2019-03-07 19:00,19.09,5.55,2019-03-07 06:00,19.09,2019-03-07 19:00
65,2019-03-08 01:00,Foggy overnight.,2019-03-08 07:00,0.07,0.0222,0.1325,2019-03-08 23:00,0.14,rain,15.83,2019-03-08 15:00,7.68,15.83,2019-03-09 08:00,15.83,2019-03-08 15:00,2019-03-08 21:00,6.08,4.19,0.67,1015.96,2.98,10.05,271,0.9,2,11.532,335.2,4.14,2019-03-08 05:00,2019-03-08 15:00,15.83,4.14,2019-03-08 05:00,15.83,2019-03-08 15:00
66,2019-03-09 01:00,Windy in the morning and overnight.,2019-03-09 07:00,0.1,0.013,0.0944,2019-03-09 02:00,0.14,rain,15.39,2019-03-09 14:00,7.43,15.39,2019-03-10 03:00,15.39,2019-03-09 14:00,2019-03-10 03:00,4.61,4.55,0.65,1018.8,4.06,9.35,232,0.81,3,10.419,343.2,7.68,2019-03-09 08:00,2019-03-09 14:00,15.39,6.36,2019-03-09 08:00,15.39,2019-03-09 14:00
67,2019-03-10 01:00,Possible light rain in the afternoon and evening.,2019-03-10 07:00,0.13,0.1496,0.6483,2019-03-10 17:00,0.76,rain,14.27,2019-03-10 18:00,8.43,14.27,2019-03-11 09:00,14.27,2019-03-10 18:00,2019-03-11 09:00,3.18,4.83,0.64,1012.93,5.58,20.43,231,0.78,3,9.782,320.7,7.43,2019-03-10 03:00,2019-03-10 18:00,14.27,4.61,2019-03-10 03:00,14.27,2019-03-10 18:00
68,2019-03-11 01:00,"Dangerously windy until morning, starting again in the evening.",2019-03-11 07:00,0.16,0.0529,0.3134,2019-03-11 20:00,0.25,rain,10.88,2019-03-11 13:00,1.93,10.88,2019-03-12 05:00,10.88,2019-03-11 13:00,2019-03-12 03:00,-2.97,-1.01,0.52,1014.55,8.49,21.43,287,0.44,2,9.816,412.2,3.35,2019-03-11 23:00,2019-03-11 01:00,13.5,-1.31,2019-03-12 00:00,13.5,2019-03-11 01:00
69,2019-03-12 01:00,Partly cloudy throughout the day.,2019-03-12 07:00,0.2,0.0004,0.002,2019-03-12 08:00,0.02,rain,9.68,2019-03-12 15:00,-5.25,9.68,2019-03-13 02:00,6.79,2019-03-12 15:00,2019-03-13 05:00,-8.45,-1.79,0.65,1020.46,5.16,12.5,300,0.26,2,10.257,420.2,-1.34,2019-03-13 00:00,2019-03-12 15:00,9.68,-2.97,2019-03-12 03:00,6.79,2019-03-12 15:00
70,2019-03-13 01:00,Possible drizzle in the evening.,2019-03-13 07:00,0.23,0.113,0.3689,2019-03-13 19:00,0.4,rain,9.27,2019-03-13 13:00,1.83,9.27,2019-03-14 07:00,6.99,2019-03-13 13:00,2019-03-14 07:00,-0.3,-0.69,0.78,1016.27,3.35,11.47,211,0.78,2,8.574,354.8,-5.25,2019-03-13 02:00,2019-03-13 13:00,9.27,-8.45,2019-03-13 05:00,6.99,2019-03-13 13:00
71,2019-03-14 01:00,Mostly cloudy throughout the day.,2019-03-14 07:00,0.26,0.0184,0.1102,2019-03-14 01:00,0.26,rain,11.0,2019-03-14 15:00,4.9,11.0,2019-03-14 21:00,11.0,2019-03-14 15:00,2019-03-14 21:00,2.72,2.06,0.76,1011.31,2.48,11.68,231,0.79,2,10.197,447.5,1.83,2019-03-14 07:00,2019-03-14 15:00,11.0,-0.3,2019-03-14 07:00,11.0,2019-03-14 15:00
72,2019-03-15 01:00,Possible light rain in the morning and overnight.,2019-03-15 06:00,0.3,0.1576,0.5213,2019-03-15 05:00,0.71,rain,12.75,2019-03-15 15:00,7.16,12.75,2019-03-16 02:00,12.75,2019-03-15 15:00,2019-03-16 08:00,4.52,2.96,0.66,1007.92,6.08,13.38,261,0.78,3,9.232,389.1,5.78,2019-03-15 04:00,2019-03-15 15:00,12.75,3.15,2019-03-15 03:00,12.75,2019-03-15 15:00
73,2019-03-16 01:00,Possible drizzle in the morning.,2019-03-16 06:00,0.34,0.0996,0.4529,2019-03-16 01:00,0.77,rain,12.51,2019-03-16 14:00,1.16,12.51,2019-03-17 06:00,12.51,2019-03-16 14:00,2019-03-17 06:00,-0.99,5.31,0.79,1011.38,5.51,17.71,269,0.82,3,9.682,339.8,5.59,2019-03-17 00:00,2019-03-16 14:00,12.51,4.52,2019-03-16 08:00,12.51,2019-03-16 14:00
74,2019-03-17 01:00,"Windy until morning, starting again in the evening.",2019-03-17 06:00,0.38,0.0007,0.003,2019-03-17 23:00,0.04,rain,21.76,2019-03-17 18:00,8.79,21.76,2019-03-18 09:00,21.76,2019-03-17 18:00,2019-03-18 09:00,4.57,5.47,0.7,1010.39,3.27,13.81,186,0.5,4,10.187,326.8,1.16,2019-03-17 06:00,2019-03-17 18:00,21.76,-0.99,2019-03-17 06:00,21.76,2019-03-17 18:00
75,2019-03-18 01:00,Windy in the morning.,2019-03-18 06:00,0.41,0.0042,0.0352,2019-03-18 20:00,0.05,rain,10.6,2019-03-18 12:00,2.72,10.6,2019-03-19 04:00,10.6,2019-03-18 12:00,2019-03-19 04:00,-0.12,1.88,0.58,1014.74,7.25,19.43,287,0.72,3,9.666,350.9,7.58,2019-03-18 23:00,2019-03-18 01:00,13.19,4.57,2019-03-18 09:00,13.19,2019-03-18 01:00
76,2019-03-19 01:00,Mostly cloudy throughout the day.,2019-03-19 06:00,0.45,0.0023,0.0062,2019-03-19 11:00,0.08,rain,10.9,2019-03-19 18:00,0.76,10.9,2019-03-20 03:00,10.9,2019-03-19 18:00,2019-03-20 03:00,-2.08,-1.81,0.54,1024.47,3.75,9.73,312,0.83,3,10.259,369.8,2.72,2019-03-19 04:00,2019-03-19 18:00,10.9,-0.12,2019-03-19 04:00,10.9,2019-03-19 18:00
77,2019-03-20 01:00,Partly cloudy throughout the day.,2019-03-20 06:00,0.49,0.0007,0.0041,2019-03-20 05:00,0.03,rain,12.51,2019-03-20 15:00,-3.39,12.51,2019-03-21 07:00,12.51,2019-03-20 15:00,2019-03-21 07:00,-6.65,-2.57,0.54,1032.4,2.98,10.36,316,0.16,4,10.257,332.0,0.76,2019-03-20 03:00,2019-03-20 15:00,12.51,-2.08,2019-03-20 03:00,12.51,2019-03-20 15:00
78,2019-03-21 01:00,Partly cloudy throughout the day.,2019-03-21 06:00,0.53,0.0,0.0,2019-03-21 07:00,0.0,,14.65,2019-03-21 18:00,-2.91,14.65,2019-03-22 07:00,14.65,2019-03-21 18:00,2019-03-22 07:00,-4.91,-2.44,0.6,1035.15,1.9,3.34,290,0.33,4,10.51,305.8,-3.39,2019-03-21 07:00,2019-03-21 18:00,14.65,-6.65,2019-03-21 07:00,14.65,2019-03-21 18:00
79,2019-03-22 01:00,Partly cloudy throughout the day.,2019-03-22 06:00,0.57,0.0005,0.002,2019-03-22 14:00,0.02,rain,19.02,2019-03-22 18:00,1.15,19.02,2019-03-23 07:00,19.02,2019-03-22 18:00,2019-03-23 07:00,1.15,-0.03,0.61,1031.83,1.28,2.65,18,0.26,4,10.002,315.3,-2.91,2019-03-22 07:00,2019-03-22 18:00,19.02,-4.91,2019-03-22 07:00,19.02,2019-03-22 18:00
80,2019-03-23 01:00,Partly cloudy throughout the day.,2019-03-23 06:00,0.6,0.0016,0.0051,2019-03-23 20:00,0.05,rain,21.11,2019-03-23 18:00,0.26,21.11,2019-03-24 06:00,21.11,2019-03-23 18:00,2019-03-24 06:00,0.26,3.96,0.62,1027.82,1.55,5.76,195,0.15,5,9.836,315.3,1.15,2019-03-23 07:00,2019-03-23 18:00,21.11,1.15,2019-03-23 07:00,21.11,2019-03-23 18:00
81,2019-03-24 01:00,Partly cloudy throughout the day.,2019-03-24 06:00,0.64,0.0005,0.003,2019-03-24 02:00,0.01,rain,23.71,2019-03-24 16:00,8.91,23.71,2019-03-25 04:00,23.71,2019-03-24 16:00,2019-03-25 06:00,6.54,5.02,0.69,1020.65,1.5,3.88,264,0.14,5,9.935,303.7,0.26,2019-03-24 06:00,2019-03-24 16:00,23.71,0.26,2019-03-24 06:00,23.71,2019-03-24 16:00
82,2019-03-25 01:00,Mostly cloudy throughout the day.,2019-03-25 06:00,0.67,0.002,0.0083,2019-03-25 08:00,0.06,rain,16.43,2019-03-25 13:00,4.31,16.43,2019-03-26 05:00,16.43,2019-03-25 13:00,2019-03-26 06:00,0.62,3.15,0.61,1014.25,6.04,13.69,294,0.72,4,10.092,374.5,7.4,2019-03-25 23:00,2019-03-25 13:00,16.43,3.25,2019-03-25 23:00,16.43,2019-03-25 13:00
83,2019-03-26 01:00,Mostly cloudy throughout the day.,2019-03-26 06:00,0.71,0.0011,0.0041,2019-03-26 14:00,0.03,rain,11.79,2019-03-26 15:00,5.63,11.79,2019-03-27 07:00,11.79,2019-03-26 15:00,2019-03-27 07:00,2.24,-3.62,0.44,1021.49,6.28,12.31,303,0.39,3,10.257,403.3,4.31,2019-03-26 05:00,2019-03-26 15:00,11.79,0.62,2019-03-26 06:00,11.79,2019-03-26 15:00
84,2019-03-27 01:00,Mostly cloudy throughout the day.,2019-03-27 06:00,0.74,0.0005,0.003,2019-03-27 05:00,0.02,rain,13.4,2019-03-27 16:00,-4.01,13.4,2019-03-28 04:00,13.4,2019-03-27 16:00,2019-03-28 04:00,-6.9,-4.46,0.43,1027.75,3.84,11.4,308,0.53,3,10.51,366.2,-1.17,2019-03-28 00:00,2019-03-27 16:00,13.4,-3.78,2019-03-28 00:00,13.4,2019-03-27 16:00
85,2019-03-28 01:00,Mostly cloudy throughout the day.,2019-03-28 06:00,0.77,0.0,0.0,2019-03-28 23:00,0.0,,14.91,2019-03-28 14:00,1.31,14.91,2019-03-29 06:00,14.91,2019-03-28 14:00,2019-03-29 07:00,-0.44,-2.97,0.55,1030.88,2.49,10.59,339,0.22,5,10.003,351.8,-4.01,2019-03-28 04:00,2019-03-28 14:00,14.91,-6.9,2019-03-28 04:00,14.91,2019-03-28 14:00
86,2019-03-29 01:00,Partly cloudy throughout the day.,2019-03-29 06:00,0.8,0.0005,0.003,2019-03-29 09:00,0.02,rain,16.61,2019-03-29 16:00,-0.37,16.61,2019-03-30 07:00,16.61,2019-03-29 16:00,2019-03-30 05:00,-3.59,-1.86,0.47,1031.49,2.8,4.91,320,0.19,4,10.003,364.3,1.31,2019-03-29 06:00,2019-03-29 16:00,16.61,-0.44,2019-03-29 07:00,16.61,2019-03-29 16:00
87,2019-03-30 01:00,Partly cloudy throughout the day.,2019-03-30 06:00,0.83,0.0005,0.002,2019-03-30 04:00,0.01,rain,18.9,2019-03-30 18:00,0.04,18.9,2019-03-31 06:00,18.9,2019-03-30 18:00,2019-03-31 06:00,0.04,-1.45,0.53,1026.0,1.71,2.83,211,0.38,3,10.003,349.3,-0.37,2019-03-30 07:00,2019-03-30 18:00,18.9,-3.59,2019-03-30 05:00,18.9,2019-03-30 18:00
88,2019-03-31 01:00,Clear throughout the day.,2019-03-31 06:00,0.86,0.0006,0.002,2019-03-31 21:00,0.01,rain,22.76,2019-03-31 15:00,4.34,22.76,2019-03-31 23:00,22.76,2019-03-31 15:00,2019-04-01 02:00,2.66,-1.94,0.47,1020.03,1.72,5.17,297,0.03,5,9.523,352.4,0.04,2019-03-31 06:00,2019-03-31 15:00,22.76,0.04,2019-03-31 06:00,22.76,2019-03-31 15:00
89,2019-04-01 00:00,Mostly cloudy throughout the day.,2019-04-01 06:00,0.89,0.0,0.0,2019-04-01 19:00,0.0,,20.26,2019-04-01 18:00,2.68,20.26,2019-04-02 05:00,20.26,2019-04-01 18:00,2019-04-02 05:00,1.47,0.32,0.43,1019.4,2.95,12.15,47,0.34,5,10.003,348.9,4.38,2019-04-01 00:00,2019-04-01 18:00,20.26,2.66,2019-04-01 02:00,20.26,2019-04-01 18:00
90,2019-04-02 00:00,Clear throughout the day.,2019-04-02 06:00,0.92,0.0,0.0,2019-04-02 08:00,0.0,,18.94,2019-04-02 17:00,5.59,18.94,2019-04-03 06:00,18.94,2019-04-02 17:00,2019-04-03 06:00,2.19,-3.18,0.36,1018.53,3.3,12.14,81,0.16,5,10.003,347.7,2.68,2019-04-02 05:00,2019-04-02 17:00,18.94,1.47,2019-04-02 05:00,18.94,2019-04-02 17:00
91,2019-04-03 00:00,Overcast throughout the day.,2019-04-03 06:00,0.95,0.0382,0.537,2019-04-03 23:00,0.11,rain,19.69,2019-04-03 18:00,7.27,19.69,2019-04-04 07:00,19.69,2019-04-03 18:00,2019-04-04 07:00,5.19,-0.39,0.44,1012.79,5.21,10.33,109,0.93,3,10.514,349.0,5.59,2019-04-03 06:00,2019-04-03 18:00,19.69,2.19,2019-04-03 06:00,19.69,2019-04-03 18:00
92,2019-04-04 00:00,Partly cloudy throughout the day.,2019-04-04 06:00,0.98,0.0285,0.4196,2019-04-04 00:00,0.11,rain,20.83,2019-04-04 18:00,7.18,20.83,2019-04-05 06:00,20.83,2019-04-04 18:00,2019-04-05 06:00,5.5,0.89,0.43,1008.52,4.72,10.73,109,0.41,5,10.059,362.0,7.27,2019-04-04 07:00,2019-04-04 18:00,20.83,5.19,2019-04-04 07:00,20.83,2019-04-04 18:00
93,2019-04-05 00:00,Light rain overnight.,2019-04-05 06:00,0.01,0.1144,0.9665,2019-04-05 23:00,0.39,rain,20.01,2019-04-05 17:00,8.24,20.01,2019-04-06 02:00,20.01,2019-04-05 17:00,2019-04-06 02:00,6.88,2.69,0.48,1007.1,5.6,11.56,111,0.57,3,9.77,356.2,7.18,2019-04-05 06:00,2019-04-05 17:00,20.01,5.5,2019-04-05 06:00,20.01,2019-04-05 17:00
94,2019-04-06 00:00,Possible drizzle in the morning.,2019-04-06 06:00,0.05,0.1922,1.1926,2019-04-06 01:00,0.8,rain,14.76,2019-04-06 17:00,5.65,14.76,2019-04-07 05:00,14.76,2019-04-06 17:00,2019-04-07 05:00,4.32,7.67,0.82,1009.22,2.86,6.59,95,0.63,3,10.34,363.3,8.24,2019-04-06 02:00,2019-04-06 17:00,14.76,6.88,2019-04-06 02:00,14.76,2019-04-06 17:00
95,2019-04-07 00:00,Foggy in the morning.,2019-04-07 06:00,0.08,0.0033,0.0105,2019-04-07 08:00,0.06,rain,19.07,2019-04-07 18:00,6.18,19.07,2019-04-08 06:00,19.07,2019-04-07 18:00,2019-04-08 06:00,5.04,7.75,0.75,1007.81,3.05,6.07,79,0.51,4,7.242,345.6,5.65,2019-04-07 05:00,2019-04-07 18:00,19.07,4.32,2019-04-07 05:00,19.07,2019-04-07 18:00
96,2019-04-08 00:00,Mostly cloudy throughout the day.,2019-04-08 06:00,0.11,0.0654,0.3612,2019-04-08 17:00,0.17,rain,21.35,2019-04-08 15:00,10.66,21.35,2019-04-09 07:00,21.35,2019-04-08 15:00,2019-04-09 07:00,10.66,7.65,0.64,1005.89,2.75,8.58,357,0.71,5,9.202,357.7,6.18,2019-04-08 06:00,2019-04-08 15:00,21.35,5.04,2019-04-08 06:00,21.35,2019-04-08 15:00
97,2019-04-09 00:00,Mostly cloudy throughout the day.,2019-04-09 06:00,0.15,0.0912,0.3499,2019-04-09 00:00,0.34,rain,22.58,2019-04-09 14:00,7.84,22.58,2019-04-10 07:00,22.58,2019-04-09 14:00,2019-04-10 07:00,6.26,8.77,0.64,1006.1,2.35,16.07,291,0.7,4,9.553,364.7,10.66,2019-04-09 07:00,2019-04-09 14:00,22.58,10.66,2019-04-09 07:00,22.58,2019-04-09 14:00
98,2019-04-10 00:00,Possible light rain in the morning and overnight.,2019-04-10 06:00,0.18,0.0798,0.4143,2019-04-10 22:00,0.42,rain,21.87,2019-04-10 16:00,10.3,21.87,2019-04-11 08:00,21.87,2019-04-10 16:00,2019-04-11 08:00,10.3,7.92,0.62,1007.54,2.9,9.05,33,0.77,4,10.182,357.0,7.84,2019-04-10 07:00,2019-04-10 16:00,21.87,6.26,2019-04-10 07:00,21.87,2019-04-10 16:00
99,2019-04-11 00:00,"Light rain until afternoon, starting again overnight.",2019-04-11 06:00,0.21,0.2992,0.8308,2019-04-11 06:00,0.95,rain,16.48,2019-04-11 16:00,7.55,16.48,2019-04-12 08:00,16.48,2019-04-11 16:00,2019-04-12 08:00,4.95,9.57,0.8,1010.99,3.08,10.22,346,0.81,4,7.523,342.6,8.96,2019-04-11 23:00,2019-04-11 16:00,16.48,6.57,2019-04-11 23:00,16.48,2019-04-11 16:00
100,2019-04-12 00:00,"Possible light rain until morning, starting again in the evening.",2019-04-12 06:00,0.25,0.1418,0.5158,2019-04-12 23:00,0.81,rain,12.02,2019-04-12 17:00,7.45,12.02,2019-04-13 07:00,12.02,2019-04-12 17:00,2019-04-13 07:00,5.52,5.1,0.75,1014.25,3.85,8.39,345,0.87,4,8.839,354.2,7.55,2019-04-12 08:00,2019-04-12 17:00,12.02,4.95,2019-04-12 08:00,12.02,2019-04-12 17:00
101,2019-04-13 00:00,Possible light rain in the morning.,2019-04-13 06:00,0.29,0.1566,0.6905,2019-04-13 01:00,0.71,rain,13.55,2019-04-13 16:00,7.44,13.55,2019-04-14 07:00,13.55,2019-04-13 16:00,2019-04-14 06:00,5.84,4.23,0.66,1016.22,2.78,7.5,343,0.86,3,7.629,379.0,7.45,2019-04-13 07:00,2019-04-13 16:00,13.55,5.52,2019-04-13 07:00,13.55,2019-04-13 16:00
102,2019-04-14 00:00,Drizzle in the morning and afternoon.,2019-04-14 05:00,0.32,0.123,0.3441,2019-04-14 17:00,0.84,rain,15.24,2019-04-14 19:00,8.14,15.24,2019-04-15 06:00,15.24,2019-04-14 19:00,2019-04-15 06:00,6.12,5.93,0.71,1016.93,2.78,11.24,0,0.82,3,8.485,391.2,7.44,2019-04-14 07:00,2019-04-14 19:00,15.24,5.84,2019-04-14 06:00,15.24,2019-04-14 19:00
103,2019-04-15 00:00,Mostly cloudy throughout the day.,2019-04-15 05:00,0.36,0.0029,0.0171,2019-04-15 00:00,0.03,rain,17.14,2019-04-15 17:00,0.67,17.14,2019-04-16 06:00,17.14,2019-04-15 17:00,2019-04-16 06:00,-1.01,-3.96,0.32,1020.75,4.27,12.14,28,0.72,3,9.291,409.2,8.14,2019-04-15 06:00,2019-04-15 17:00,17.14,6.12,2019-04-15 06:00,17.14,2019-04-15 17:00
104,2019-04-16 00:00,Clear throughout the day.,2019-04-16 05:00,0.4,0.0,0.0,2019-04-16 17:00,0.0,,18.02,2019-04-16 18:00,1.31,18.02,2019-04-17 05:00,18.02,2019-04-16 18:00,2019-04-17 05:00,-0.23,-2.42,0.4,1021.6,2.68,9.06,7,0.06,5,10.257,414.6,0.67,2019-04-16 06:00,2019-04-16 18:00,18.02,-1.01,2019-04-16 06:00,18.02,2019-04-16 18:00
105,2019-04-17 00:00,Mostly cloudy throughout the day.,2019-04-17 05:00,0.44,0.0184,0.0937,2019-04-17 19:00,0.14,rain,18.26,2019-04-17 18:00,7.64,18.26,2019-04-18 06:00,18.26,2019-04-17 18:00,2019-04-18 06:00,5.71,1.76,0.52,1022.09,2.72,9.72,25,0.49,4,12.106,396.4,1.31,2019-04-17 05:00,2019-04-17 18:00,18.26,-0.23,2019-04-17 05:00,18.26,2019-04-17 18:00
106,2019-04-18 00:00,Clear throughout the day.,2019-04-18 05:00,0.48,0.0009,0.003,2019-04-18 14:00,0.02,rain,20.99,2019-04-18 17:00,6.83,20.99,2019-04-19 06:00,20.99,2019-04-18 17:00,2019-04-19 06:00,5.18,4.44,0.52,1027.22,3.16,9.34,71,0.15,6,11.018,360.7,7.64,2019-04-18 06:00,2019-04-18 17:00,20.99,5.71,2019-04-18 06:00,20.99,2019-04-18 17:00
107,2019-04-19 00:00,Clear throughout the day.,2019-04-19 05:00,0.51,0.0,0.0,2019-04-19 20:00,0.0,,23.11,2019-04-19 18:00,1.82,23.11,2019-04-20 06:00,23.11,2019-04-19 18:00,2019-04-20 06:00,-1.26,2.98,0.45,1028.97,2.58,9.34,0,0.19,7,10.764,314.2,6.83,2019-04-19 06:00,2019-04-19 18:00,23.11,5.18,2019-04-19 06:00,23.11,2019-04-19 18:00
108,2019-04-20 00:00,Clear throughout the day.,2019-04-20 05:00,0.55,0.0,0.0,2019-04-20 05:00,0.0,,22.09,2019-04-20 15:00,2.2,22.09,2019-04-21 05:00,22.09,2019-04-20 15:00,2019-04-21 05:00,-0.36,-0.15,0.45,1028.06,2.48,9.61,317,0.09,6,10.003,339.9,1.82,2019-04-20 06:00,2019-04-20 15:00,22.09,-1.26,2019-04-20 06:00,22.09,2019-04-20 15:00
109,2019-04-21 00:00,Partly cloudy throughout the day.,2019-04-21 05:00,0.58,0.0,0.0,2019-04-21 05:00,0.0,,22.73,2019-04-21 15:00,3.55,22.73,2019-04-22 06:00,22.73,2019-04-21 15:00,2019-04-22 04:00,1.95,1.76,0.5,1021.03,2.87,7.49,292,0.24,6,10.003,336.0,2.2,2019-04-21 05:00,2019-04-21 15:00,22.73,-0.36,2019-04-21 05:00,22.73,2019-04-21 15:00
110,2019-04-22 00:00,Mostly cloudy throughout the day.,2019-04-22 05:00,0.62,0.0016,0.0046,2019-04-22 17:00,0.02,rain,18.5,2019-04-22 18:00,8.82,18.5,2019-04-23 06:00,18.5,2019-04-22 18:00,2019-04-23 06:00,5.1,4.3,0.6,1015.26,4.25,11.87,60,0.32,6,9.999,332.1,3.55,2019-04-22 06:00,2019-04-22 18:00,18.5,1.95,2019-04-22 04:00,18.5,2019-04-22 18:00
111,2019-04-23 00:00,Light rain starting in the afternoon.,2019-04-23 05:00,0.65,0.243,1.0605,2019-04-23 20:00,0.93,rain,13.36,2019-04-23 11:00,10.0,13.36,2019-04-24 07:00,13.36,2019-04-23 11:00,2019-04-24 07:00,7.72,8.44,0.82,1015.9,7.43,13.49,94,0.67,4,8.129,341.4,8.82,2019-04-23 06:00,2019-04-23 11:00,13.36,5.1,2019-04-23 06:00,13.36,2019-04-23 11:00
112,2019-04-24 00:00,Mostly cloudy throughout the day.,2019-04-24 05:00,0.68,0.0655,0.2443,2019-04-24 00:00,0.4,rain,24.28,2019-04-24 16:00,10.8,24.28,2019-04-25 05:00,24.28,2019-04-24 16:00,2019-04-25 05:00,10.8,10.05,0.7,1016.9,5.05,12.16,111,0.72,5,10.137,365.4,10.0,2019-04-24 07:00,2019-04-24 16:00,24.28,7.72,2019-04-24 07:00,24.28,2019-04-24 16:00
113,2019-04-25 00:00,Partly cloudy throughout the day.,2019-04-25 05:00,0.71,0.0015,0.0122,2019-04-25 00:00,0.04,rain,26.77,2019-04-25 18:00,11.18,26.77,2019-04-26 06:00,26.77,2019-04-25 18:00,2019-04-26 06:00,11.18,9.79,0.57,1017.05,4.54,13.93,173,0.36,5,10.293,343.9,10.8,2019-04-25 05:00,2019-04-25 18:00,26.77,10.8,2019-04-25 05:00,26.77,2019-04-25 18:00
114,2019-04-26 00:00,Possible light rain in the morning and overnight.,2019-04-26 05:00,0.75,0.0006,0.0035,2019-04-26 23:00,0.02,rain,28.43,2019-04-26 17:00,9.89,28.43,2019-04-27 07:00,28.43,2019-04-26 17:00,2019-04-27 07:00,7.1,8.82,0.51,1013.63,3.97,21.04,199,0.64,6,10.334,330.9,11.18,2019-04-26 06:00,2019-04-26 17:00,28.43,11.18,2019-04-26 06:00,28.43,2019-04-26 17:00
115,2019-04-27 00:00,Possible light rain in the morning.,2019-04-27 05:00,0.78,0.2106,1.1905,2019-04-27 05:00,0.73,rain,16.81,2019-04-27 13:00,11.58,16.81,2019-04-28 08:00,16.81,2019-04-27 13:00,2019-04-28 08:00,11.58,9.46,0.74,1012.76,5.54,11.21,303,0.83,4,11.241,337.3,9.89,2019-04-27 07:00,2019-04-27 01:00,17.7,7.1,2019-04-27 07:00,17.7,2019-04-27 01:00
116,2019-04-28 00:00,Possible drizzle in the evening and overnight.,2019-04-28 05:00,0.81,0.0206,0.1654,2019-04-28 23:00,0.51,rain,15.77,2019-04-28 13:00,8.75,15.77,2019-04-29 06:00,15.77,2019-04-28 13:00,2019-04-29 06:00,6.63,7.68,0.7,1013.67,7.38,13.73,311,0.89,4,13.638,366.0,10.97,2019-04-28 23:00,2019-04-28 13:00,15.77,10.97,2019-04-28 23:00,15.77,2019-04-28 13:00
117,2019-04-29 00:00,Mostly cloudy throughout the day.,2019-04-29 05:00,0.84,0.0449,0.2063,2019-04-29 01:00,0.72,rain,15.16,2019-04-29 17:00,9.32,15.16,2019-04-30 06:00,15.16,2019-04-29 17:00,2019-04-30 01:00,7.66,8.86,0.83,1012.99,3.17,7.9,313,0.74,4,10.828,366.4,8.75,2019-04-29 06:00,2019-04-29 17:00,15.16,6.63,2019-04-29 06:00,15.16,2019-04-29 17:00
118,2019-04-30 00:00,Possible drizzle in the afternoon and evening.,2019-04-30 05:00,0.87,0.0553,0.2123,2019-04-30 16:00,0.66,rain,18.79,2019-04-30 16:00,10.88,18.79,2019-05-01 05:00,18.79,2019-04-30 16:00,2019-05-01 05:00,10.88,9.33,0.78,1009.73,4.19,9.1,318,0.45,5,12.454,369.3,9.32,2019-04-30 06:00,2019-04-30 16:00,18.79,7.66,2019-04-30 01:00,18.79,2019-04-30 16:00
119,2019-05-01 00:00,Partly cloudy throughout the day.,2019-05-01 05:00,0.9,0.0047,0.0247,2019-05-01 02:00,0.17,rain,21.1,2019-05-01 17:00,11.42,21.1,2019-05-02 06:00,21.1,2019-05-01 17:00,2019-05-02 06:00,11.42,6.49,0.57,1008.77,5.85,15.37,316,0.36,5,10.728,389.1,10.88,2019-05-01 05:00,2019-05-01 17:00,21.1,10.88,2019-05-01 05:00,21.1,2019-05-01 17:00
120,2019-05-02 00:00,Partly cloudy throughout the day.,2019-05-02 05:00,0.93,0.0034,0.0332,2019-05-02 23:00,0.05,rain,23.46,2019-05-02 19:00,8.48,23.46,2019-05-03 06:00,23.46,2019-05-02 19:00,2019-05-03 06:00,6.77,6.86,0.55,1008.75,4.08,10.76,280,0.2,6,10.003,389.8,11.42,2019-05-02 06:00,2019-05-02 19:00,23.46,11.42,2019-05-02 06:00,23.46,2019-05-02 19:00
121,2019-05-03 00:00,Mostly cloudy throughout the day.,2019-05-03 05:00,0.96,0.0139,0.0956,2019-05-03 02:00,0.17,rain,18.31,2019-05-03 12:00,10.29,18.31,2019-05-04 08:00,18.31,2019-05-03 12:00,2019-05-04 08:00,10.29,8.09,0.68,1007.24,3.73,9.61,274,0.64,5,11.47,387.0,8.48,2019-05-03 06:00,2019-05-03 12:00,18.31,6.77,2019-05-03 06:00,18.31,2019-05-03 12:00
122,2019-05-04 00:00,Light rain throughout the day.,2019-05-04 05:00,0.99,0.356,0.8712,2019-05-04 23:00,0.98,rain,13.44,2019-05-04 18:00,11.38,13.44,2019-05-05 08:00,13.44,2019-05-04 18:00,2019-05-05 08:00,11.38,10.73,0.95,1007.48,2.3,5.08,32,0.94,3,6.523,385.9,10.07,2019-05-04 09:00,2019-05-04 18:00,13.44,10.07,2019-05-04 09:00,13.44,2019-05-04 18:00
123,2019-05-05 00:00,Light rain throughout the day.,2019-05-05 05:00,0.03,0.8272,1.3407,2019-05-05 14:00,1.0,rain,11.66,2019-05-05 07:00,6.31,11.66,2019-05-06 07:00,11.66,2019-05-05 07:00,2019-05-06 08:00,2.95,10.05,0.96,1005.6,3.23,8.93,13,1.0,3,7.419,381.4,7.44,2019-05-05 22:00,2019-05-05 05:00,11.84,4.52,2019-05-05 22:00,11.84,2019-05-05 05:00
124,2019-05-06 00:00,Light rain throughout the day.,2019-05-06 05:00,0.06,0.6469,1.6283,2019-05-06 11:00,1.0,rain,7.92,2019-05-06 18:00,6.0,7.92,2019-05-06 23:00,4.58,2019-05-06 12:00,2019-05-06 20:00,2.28,6.21,0.95,1010.95,5.15,9.49,329,0.89,5,9.64,395.8,6.0,2019-05-06 23:00,2019-05-06 00:00,8.47,2.28,2019-05-06 20:00,5.53,2019-05-06 00:00
125,2019-05-07 00:00,Mostly cloudy throughout the day.,2019-05-07 05:00,0.1,0.0037,0.0203,2019-05-07 00:00,0.13,rain,14.92,2019-05-07 17:00,0.4,14.92,2019-05-08 06:00,14.92,2019-05-07 17:00,2019-05-08 06:00,0.4,2.86,0.63,1016.89,4.83,10.72,314,0.68,5,10.013,416.2,6.12,2019-05-07 23:00,2019-05-07 17:00,14.92,3.46,2019-05-07 06:00,14.92,2019-05-07 17:00
126,2019-05-08 00:00,Possible light rain in the morning.,2019-05-08 05:00,0.13,0.0,0.0,2019-05-08 12:00,0.0,,19.12,2019-05-08 17:00,9.66,19.12,2019-05-09 08:00,19.12,2019-05-08 17:00,2019-05-09 08:00,7.41,3.52,0.65,1016.21,2.97,10.03,178,0.36,5,10.284,386.4,0.4,2019-05-08 06:00,2019-05-08 17:00,19.12,0.4,2019-05-08 06:00,19.12,2019-05-08 17:00
127,2019-05-09 00:00,Light rain throughout the day.,2019-05-09 05:00,0.17,0.369,0.9925,2019-05-09 13:00,0.99,rain,12.69,2019-05-09 19:00,6.25,12.69,2019-05-10 06:00,12.69,2019-05-09 19:00,2019-05-10 06:00,6.25,9.2,0.89,1007.9,3.5,11.17,144,0.93,4,8.279,374.1,9.18,2019-05-09 12:00,2019-05-09 19:00,12.69,6.85,2019-05-09 12:00,12.69,2019-05-09 19:00
128,2019-05-10 00:00,Foggy in the morning.,2019-05-10 05:00,0.2,0.011,0.1222,2019-05-10 15:00,0.2,rain,20.0,2019-05-10 17:00,6.74,20.0,2019-05-11 04:00,20.0,2019-05-10 17:00,2019-05-11 04:00,5.35,9.22,0.76,1009.89,4.14,8.96,302,0.55,4,9.155,379.0,6.25,2019-05-10 06:00,2019-05-10 17:00,20.0,6.25,2019-05-10 06:00,20.0,2019-05-10 17:00
129,2019-05-11 00:00,Possible light rain in the evening and overnight.,2019-05-11 05:00,0.24,0.0749,0.4479,2019-05-11 23:00,0.52,rain,22.33,2019-05-11 16:00,12.46,22.33,2019-05-12 07:00,22.33,2019-05-11 16:00,2019-05-12 07:00,12.46,8.9,0.67,1014.02,2.82,7.06,194,0.44,6,7.996,365.8,6.74,2019-05-11 04:00,2019-05-11 16:00,22.33,5.35,2019-05-11 04:00,22.33,2019-05-11 16:00
130,2019-05-12 00:00,Possible light rain throughout the day.,2019-05-12 05:00,0.28,0.2743,0.5758,2019-05-12 15:00,0.96,rain,22.2,2019-05-12 18:00,12.05,22.2,2019-05-13 04:00,22.2,2019-05-12 18:00,2019-05-13 04:00,12.05,11.03,0.7,1017.38,3.85,9.43,30,0.71,5,6.986,364.6,12.46,2019-05-12 07:00,2019-05-12 18:00,22.2,12.46,2019-05-12 07:00,22.2,2019-05-12 18:00
131,2019-05-13 00:00,Light rain throughout the day.,2019-05-13 05:00,0.31,0.3371,1.7438,2019-05-13 17:00,0.93,rain,21.5,2019-05-13 17:00,7.23,21.5,2019-05-14 08:00,21.5,2019-05-13 17:00,2019-05-14 06:00,3.42,10.84,0.71,1021.98,4.68,11.78,344,0.76,4,9.159,354.7,12.05,2019-05-13 04:00,2019-05-13 17:00,21.5,12.05,2019-05-13 04:00,21.5,2019-05-13 17:00
132,2019-05-14 00:00,Light rain throughout the day.,2019-05-14 05:00,0.35,0.6561,1.1605,2019-05-14 05:00,1.0,rain,8.37,2019-05-14 19:00,8.15,8.37,2019-05-14 23:00,5.55,2019-05-14 19:00,2019-05-14 19:00,5.55,7.16,0.93,1021.0,4.62,9.83,333,0.97,4,9.561,360.6,7.17,2019-05-14 09:00,2019-05-14 00:00,11.5,3.42,2019-05-14 06:00,11.5,2019-05-14 00:00
133,2019-05-15 00:00,Light rain until evening.,2019-05-15 05:00,0.39,0.3523,1.2724,2019-05-15 11:00,0.97,rain,12.35,2019-05-15 16:00,9.22,12.35,2019-05-16 08:00,12.35,2019-05-15 16:00,2019-05-16 08:00,8.29,9.42,0.95,1014.82,3.24,7.27,336,0.89,4,8.419,372.4,8.24,2019-05-15 00:00,2019-05-15 16:00,12.35,5.79,2019-05-15 05:00,12.35,2019-05-15 16:00
134,2019-05-16 00:00,Foggy in the morning and overnight.,2019-05-16 05:00,0.42,0.0025,0.0096,2019-05-16 07:00,0.09,rain,14.09,2019-05-16 16:00,4.52,14.09,2019-05-17 05:00,14.09,2019-05-16 16:00,2019-05-17 02:00,3.64,9.11,0.88,1014.67,2.21,3.12,131,0.86,4,11.539,370.5,7.31,2019-05-16 23:00,2019-05-16 16:00,14.09,5.85,2019-05-16 23:00,14.09,2019-05-16 16:00
135,2019-05-17 00:00,Foggy in the morning.,2019-05-17 05:00,0.46,0.0011,0.003,2019-05-17 07:00,0.04,rain,17.52,2019-05-17 16:00,8.68,17.52,2019-05-17 23:00,17.52,2019-05-17 16:00,2019-05-17 23:00,8.68,8.6,0.84,1013.68,2.0,3.89,212,0.61,4,8.044,373.0,4.52,2019-05-17 05:00,2019-05-17 16:00,17.52,3.64,2019-05-17 02:00,17.52,2019-05-17 16:00
136,2019-05-18 00:00,Mostly cloudy throughout the day.,2019-05-18 05:00,0.5,0.0014,0.0062,2019-05-18 17:00,0.04,rain,23.81,2019-05-18 16:00,10.08,23.81,2019-05-19 05:00,23.81,2019-05-18 16:00,2019-05-19 05:00,10.08,11.5,0.76,1010.75,1.89,8.57,120,0.54,5,9.799,348.0,9.73,2019-05-18 00:00,2019-05-18 16:00,23.81,9.73,2019-05-18 00:00,23.81,2019-05-18 16:00
137,2019-05-19 00:00,Rain in the morning and overnight.,2019-05-19 05:00,0.53,0.0196,0.0889,2019-05-19 11:00,0.25,rain,24.62,2019-05-19 15:00,13.55,24.62,2019-05-20 06:00,24.62,2019-05-19 15:00,2019-05-20 06:00,13.55,13.03,0.81,1006.77,2.89,6.25,58,0.6,6,8.96,339.7,10.08,2019-05-19 05:00,2019-05-19 15:00,24.62,10.08,2019-05-19 05:00,24.62,2019-05-19 15:00
138,2019-05-20 00:00,Possible light rain in the morning.,2019-05-20 05:00,0.56,0.4766,3.8988,2019-05-20 02:00,0.93,rain,22.82,2019-05-20 14:00,11.13,22.82,2019-05-21 06:00,22.82,2019-05-20 14:00,2019-05-21 06:00,11.13,13.28,0.78,1005.64,3.64,7.5,185,0.62,6,9.712,349.3,13.55,2019-05-20 06:00,2019-05-20 14:00,22.82,13.55,2019-05-20 06:00,22.82,2019-05-20 14:00
139,2019-05-21 00:00,Possible light rain in the afternoon and evening.,2019-05-21 05:00,0.6,0.1827,0.6212,2019-05-21 16:00,0.8,rain,21.49,2019-05-21 16:00,14.81,21.49,2019-05-22 06:00,21.49,2019-05-21 16:00,2019-05-22 06:00,14.85,11.83,0.75,1007.65,4.23,9.75,223,0.74,5,8.141,352.5,11.13,2019-05-21 06:00,2019-05-21 16:00,21.49,11.13,2019-05-21 06:00,21.49,2019-05-21 16:00
140,2019-05-22 00:00,Light rain throughout the day.,2019-05-22 05:00,0.63,0.3935,1.3324,2019-05-22 11:00,0.98,rain,15.68,2019-05-22 19:00,13.16,15.68,2019-05-23 07:00,15.8,2019-05-22 07:00,2019-05-23 07:00,13.16,14.42,0.94,1010.66,5.52,14.89,264,0.89,4,9.472,351.1,14.07,2019-05-22 10:00,2019-05-22 03:00,15.93,14.14,2019-05-22 10:00,15.96,2019-05-22 00:00
141,2019-05-23 00:00,Possible drizzle in the morning and afternoon.,2019-05-23 04:00,0.66,0.04,0.3733,2019-05-23 10:00,0.66,rain,17.11,2019-05-23 14:00,12.19,17.11,2019-05-24 06:00,17.11,2019-05-23 14:00,2019-05-24 06:00,12.19,12.14,0.86,1013.77,8.39,15.47,303,0.67,4,10.503,368.9,12.5,2019-05-23 23:00,2019-05-23 14:00,17.11,12.5,2019-05-23 23:00,17.11,2019-05-23 14:00
142,2019-05-24 00:00,Possible drizzle until evening.,2019-05-24 04:00,0.69,0.0865,0.3303,2019-05-24 18:00,0.76,rain,21.58,2019-05-24 15:00,10.09,21.58,2019-05-25 05:00,21.58,2019-05-24 15:00,2019-05-25 05:00,10.09,13.4,0.85,1013.62,2.76,7.79,322,0.75,5,8.892,369.6,12.19,2019-05-24 06:00,2019-05-24 15:00,21.58,12.19,2019-05-24 06:00,21.58,2019-05-24 15:00
143,2019-05-25 00:00,Partly cloudy throughout the day.,2019-05-25 04:00,0.72,0.0069,0.0791,2019-05-25 02:00,0.09,rain,24.9,2019-05-25 16:00,8.37,24.9,2019-05-26 05:00,24.9,2019-05-25 16:00,2019-05-26 05:00,8.37,11.11,0.7,1013.66,2.25,4.13,329,0.43,6,10.003,362.2,10.09,2019-05-25 05:00,2019-05-25 16:00,24.9,10.09,2019-05-25 05:00,24.9,2019-05-25 16:00
144,2019-05-26 00:00,Mostly cloudy throughout the day.,2019-05-26 04:00,0.75,0.0003,0.003,2019-05-26 02:00,0.01,rain,26.57,2019-05-26 17:00,13.11,26.57,2019-05-27 04:00,26.57,2019-05-26 17:00,2019-05-27 04:00,13.11,11.39,0.67,1014.74,1.84,3.66,270,0.61,5,10.003,352.3,8.37,2019-05-26 05:00,2019-05-26 17:00,26.57,8.37,2019-05-26 05:00,26.57,2019-05-26 17:00
145,2019-05-27 00:00,Light rain throughout the day.,2019-05-27 04:00,0.78,0.0574,0.3345,2019-05-27 17:00,0.77,rain,20.87,2019-05-27 14:00,15.83,20.87,2019-05-28 02:00,20.87,2019-05-27 14:00,2019-05-28 02:00,15.96,15.18,0.86,1012.88,1.6,5.4,92,0.88,5,8.373,338.7,13.11,2019-05-27 04:00,2019-05-27 14:00,20.87,13.11,2019-05-27 04:00,20.87,2019-05-27 14:00
146,2019-05-28 00:00,Light rain throughout the day.,2019-05-28 04:00,0.81,0.3892,1.5458,2019-05-28 05:00,0.94,rain,22.72,2019-05-28 12:00,15.44,22.72,2019-05-29 06:00,22.73,2019-05-28 12:00,2019-05-29 06:00,15.57,16.22,0.91,1007.7,3.26,14.85,124,0.7,6,8.764,352.9,15.23,2019-05-28 14:00,2019-05-28 12:00,22.72,15.26,2019-05-28 14:00,22.73,2019-05-28 12:00
147,2019-05-29 00:00,Rain throughout the day.,2019-05-29 04:00,0.84,0.568,2.3671,2019-05-29 21:00,0.98,rain,21.22,2019-05-29 13:00,12.39,21.22,2019-05-30 07:00,21.22,2019-05-29 13:00,2019-05-30 07:00,12.39,16.05,0.91,1011.44,2.65,9.98,341,0.7,6,5.408,347.3,15.44,2019-05-29 06:00,2019-05-29 13:00,21.22,15.57,2019-05-29 06:00,21.22,2019-05-29 13:00
148,2019-05-30 00:00,Light rain in the morning and afternoon.,2019-05-30 04:00,0.88,0.6561,2.9798,2019-05-30 02:00,0.99,rain,15.55,2019-05-30 19:00,12.1,15.55,2019-05-31 06:00,15.6,2019-05-30 19:00,2019-05-31 06:00,12.1,13.14,0.95,1020.04,2.91,9.71,351,0.91,4,7.26,355.3,12.05,2019-05-30 09:00,2019-05-30 00:00,16.11,12.05,2019-05-30 09:00,16.25,2019-05-30 00:00
149,2019-05-31 00:00,Mostly cloudy throughout the day.,2019-05-31 04:00,0.91,0.0329,0.2298,2019-05-31 17:00,0.25,rain,23.06,2019-05-31 19:00,13.53,23.06,2019-06-01 05:00,23.1,2019-05-31 19:00,2019-06-01 05:00,13.53,14.13,0.84,1022.46,2.81,4.89,338,0.7,6,9.81,356.1,12.1,2019-05-31 06:00,2019-05-31 19:00,23.06,12.1,2019-05-31 06:00,23.1,2019-05-31 19:00
150,2019-06-01 00:00,Mostly cloudy throughout the day.,2019-06-01 04:00,0.94,0.0006,0.0041,2019-06-01 11:00,0.02,rain,26.0,2019-06-01 17:00,15.23,26.0,2019-06-02 04:00,26.0,2019-06-01 17:00,2019-06-02 04:00,15.26,12.77,0.67,1019.41,3.76,10.36,16,0.52,6,9.993,344.4,13.53,2019-06-01 05:00,2019-06-01 17:00,26.0,13.53,2019-06-01 05:00,26.0,2019-06-01 17:00
151,2019-06-02 00:00,Partly cloudy throughout the day.,2019-06-02 04:00,0.98,0.0054,0.026,2019-06-02 18:00,0.1,rain,27.01,2019-06-02 16:00,15.76,27.01,2019-06-03 05:00,27.07,2019-06-02 16:00,2019-06-03 05:00,15.88,14.57,0.66,1018.23,3.51,9.23,44,0.13,6,11.412,346.0,15.23,2019-06-02 04:00,2019-06-02 16:00,27.01,15.26,2019-06-02 04:00,27.07,2019-06-02 16:00
152,2019-06-03 00:00,Partly cloudy throughout the day.,2019-06-03 04:00,0.01,0.0007,0.0027,2019-06-03 14:00,0.02,rain,28.22,2019-06-03 16:00,16.98,28.22,2019-06-04 05:00,28.22,2019-06-03 16:00,2019-06-04 05:00,17.09,15.68,0.7,1015.56,3.21,11.11,25,0.42,7,10.165,343.4,15.76,2019-06-03 05:00,2019-06-03 16:00,28.22,15.88,2019-06-03 05:00,28.22,2019-06-03 16:00
153,2019-06-04 00:00,Mostly cloudy throughout the day.,2019-06-04 04:00,0.05,0.0736,0.7846,2019-06-04 23:00,0.31,rain,27.2,2019-06-04 19:00,14.65,27.2,2019-06-05 05:00,27.54,2019-06-04 15:00,2019-06-05 05:00,14.72,16.85,0.74,1013.1,2.43,4.29,38,0.69,6,9.791,341.3,16.98,2019-06-04 05:00,2019-06-04 19:00,27.2,17.09,2019-06-04 05:00,27.54,2019-06-04 15:00
154,2019-06-05 00:00,Possible drizzle in the afternoon.,2019-06-05 04:00,0.09,0.0746,0.4491,2019-06-05 00:00,0.46,rain,25.22,2019-06-05 17:00,15.72,25.22,2019-06-06 05:00,25.44,2019-06-05 17:00,2019-06-06 06:00,15.91,17.33,0.83,1010.89,2.78,4.92,100,0.43,5,10.888,345.5,14.95,2019-06-05 05:00,2019-06-05 17:00,25.22,15.03,2019-06-05 05:00,25.44,2019-06-05 17:00
155,2019-06-06 00:00,Mostly cloudy throughout the day.,2019-06-06 04:00,0.12,0.0513,0.3239,2019-06-06 23:00,0.31,rain,24.94,2019-06-06 15:00,16.44,24.94,2019-06-07 05:00,25.1,2019-06-06 14:00,2019-06-07 05:00,16.7,17.3,0.84,1012.48,3.44,5.74,122,0.56,5,10.164,357.3,15.72,2019-06-06 05:00,2019-06-06 15:00,24.94,15.91,2019-06-06 06:00,25.1,2019-06-06 14:00
156,2019-06-07 00:00,Partly cloudy throughout the day.,2019-06-07 04:00,0.16,0.012,0.1976,2019-06-07 00:00,0.11,rain,28.05,2019-06-07 19:00,14.15,28.05,2019-06-08 05:00,28.27,2019-06-07 17:00,2019-06-08 05:00,14.22,17.8,0.77,1014.95,2.66,5.63,165,0.39,6,9.846,342.0,16.44,2019-06-07 05:00,2019-06-07 19:00,28.05,16.7,2019-06-07 05:00,28.27,2019-06-07 17:00
157,2019-06-08 00:00,Partly cloudy throughout the day.,2019-06-08 04:00,0.2,0.002,0.0069,2019-06-08 17:00,0.01,rain,28.27,2019-06-08 13:00,14.74,28.27,2019-06-09 05:00,29.0,2019-06-08 13:00,2019-06-09 05:00,14.74,16.35,0.73,1018.21,3.8,8.68,336,0.1,8,10.003,326.4,14.15,2019-06-08 05:00,2019-06-08 13:00,28.27,14.22,2019-06-08 05:00,29.0,2019-06-08 13:00
158,2019-06-09 00:00,Partly cloudy throughout the day.,2019-06-09 04:00,0.23,0.0043,0.0314,2019-06-09 17:00,0.04,rain,30.08,2019-06-09 18:00,17.52,30.08,2019-06-10 05:00,31.07,2019-06-09 17:00,2019-06-10 05:00,17.89,17.17,0.71,1021.96,2.73,6.37,64,0.1,8,9.995,322.7,14.74,2019-06-09 05:00,2019-06-09 18:00,30.08,14.74,2019-06-09 05:00,31.07,2019-06-09 17:00
159,2019-06-10 00:00,Partly cloudy throughout the day.,2019-06-10 04:00,0.27,0.0,0.0,2019-06-10 00:00,0.0,,32.02,2019-06-10 16:00,19.05,32.02,2019-06-11 03:00,35.51,2019-06-10 16:00,2019-06-11 03:00,19.5,19.37,0.7,1016.69,3.13,9.98,94,0.4,7,10.003,316.7,17.52,2019-06-10 05:00,2019-06-10 16:00,32.02,17.89,2019-06-10 05:00,35.51,2019-06-10 16:00
160,2019-06-11 00:00,Foggy in the morning and overnight.,2019-06-11 04:00,0.31,0.0008,0.0042,2019-06-11 20:00,0.03,rain,32.08,2019-06-11 15:00,18.94,32.08,2019-06-12 02:00,33.26,2019-06-11 15:00,2019-06-12 02:00,19.4,18.44,0.68,1013.37,3.68,6.77,93,0.16,8,10.038,317.5,19.05,2019-06-11 03:00,2019-06-11 15:00,32.08,19.5,2019-06-11 03:00,33.26,2019-06-11 15:00
161,2019-06-12 00:00,Foggy in the morning.,2019-06-12 04:00,0.34,0.0223,0.1991,2019-06-12 05:00,0.05,rain,32.06,2019-06-12 19:00,19.25,32.06,2019-06-13 05:00,32.3,2019-06-12 16:00,2019-06-13 05:00,19.68,17.9,0.65,1013.69,3.6,7.7,132,0.04,8,8.395,312.7,18.94,2019-06-12 02:00,2019-06-12 19:00,32.06,19.4,2019-06-12 02:00,32.3,2019-06-12 16:00
162,2019-06-13 00:00,Partly cloudy throughout the day.,2019-06-13 04:00,0.38,0.0361,0.2232,2019-06-13 20:00,0.06,rain,33.77,2019-06-13 16:00,19.5,33.77,2019-06-14 05:00,34.54,2019-06-13 18:00,2019-06-14 05:00,20.01,18.51,0.63,1014.08,3.97,6.93,120,0.2,9,10.005,305.1,19.25,2019-06-13 05:00,2019-06-13 16:00,33.77,19.68,2019-06-13 05:00,34.54,2019-06-13 18:00
163,2019-06-14 00:00,Clear throughout the day.,2019-06-14 04:00,0.41,0.1869,4.4099,2019-06-14 23:00,0.03,rain,33.96,2019-06-14 15:00,19.0,33.96,2019-06-15 04:00,33.96,2019-06-14 15:00,2019-06-15 04:00,19.36,16.59,0.58,1016.58,1.95,5.27,186,0.0,9,10.005,303.7,19.5,2019-06-14 05:00,2019-06-14 15:00,33.96,20.01,2019-06-14 05:00,33.96,2019-06-14 15:00
164,2019-06-15 00:00,Partly cloudy throughout the day.,2019-06-15 04:00,0.45,0.1843,4.414,2019-06-15 00:00,0.04,rain,33.15,2019-06-15 14:00,19.21,33.15,2019-06-16 01:00,33.15,2019-06-15 14:00,2019-06-16 01:00,19.62,16.34,0.57,1014.23,2.55,5.25,191,0.32,9,9.919,309.0,19.0,2019-06-15 04:00,2019-06-15 14:00,33.15,19.36,2019-06-15 04:00,33.15,2019-06-15 14:00
165,2019-06-16 00:00,Rain starting in the afternoon.,2019-06-16 04:00,0.48,0.34,1.8112,2019-06-16 14:00,0.76,rain,33.96,2019-06-16 13:00,20.11,33.96,2019-06-17 05:00,35.0,2019-06-16 13:00,2019-06-17 05:00,20.54,19.24,0.72,1013.73,2.94,11.13,2,0.43,7,9.752,317.4,19.21,2019-06-16 01:00,2019-06-16 13:00,33.96,19.62,2019-06-16 01:00,35.0,2019-06-16 13:00
166,2019-06-17 00:00,Possible light rain until evening.,2019-06-17 04:00,0.51,0.6515,2.9425,2019-06-17 03:00,0.94,rain,27.96,2019-06-17 15:00,16.36,27.96,2019-06-18 05:00,28.24,2019-06-17 15:00,2019-06-18 05:00,16.38,17.7,0.72,1017.88,3.04,6.88,16,0.79,7,9.812,314.7,20.11,2019-06-17 05:00,2019-06-17 15:00,27.96,20.54,2019-06-17 05:00,28.24,2019-06-17 15:00
167,2019-06-18 00:00,Foggy in the afternoon and evening.,2019-06-18 04:00,0.55,0.0283,0.1234,2019-06-18 20:00,0.25,rain,29.1,2019-06-18 16:00,19.17,29.1,2019-06-19 01:00,29.1,2019-06-18 16:00,2019-06-19 01:00,19.57,15.7,0.64,1016.53,2.35,8.7,45,0.52,7,9.626,317.6,16.16,2019-06-18 05:00,2019-06-18 16:00,29.1,16.2,2019-06-18 05:00,29.1,2019-06-18 16:00
168,2019-06-19 00:00,Possible light rain in the evening and overnight.,2019-06-19 04:00,0.58,0.2513,1.19,2019-06-19 17:00,0.74,rain,29.79,2019-06-19 13:00,18.17,29.79,2019-06-20 04:00,30.75,2019-06-19 13:00,2019-06-20 04:00,18.53,19.08,0.79,1014.3,2.51,13.84,106,0.71,7,10.394,308.9,19.23,2019-06-19 05:00,2019-06-19 13:00,29.79,19.69,2019-06-19 05:00,30.75,2019-06-19 13:00
169,2019-06-20 00:00,Possible light rain in the evening.,2019-06-20 04:00,0.61,0.2206,1.4451,2019-06-20 02:00,0.63,rain,28.01,2019-06-20 17:00,18.69,28.01,2019-06-21 05:00,29.2,2019-06-20 17:00,2019-06-21 05:00,18.96,18.8,0.78,1012.88,2.53,9.88,88,0.69,5,10.386,307.8,18.17,2019-06-20 04:00,2019-06-20 17:00,28.01,18.53,2019-06-20 04:00,29.2,2019-06-20 17:00
170,2019-06-21 00:00,Mostly cloudy throughout the day.,2019-06-21 04:00,0.64,0.0639,0.2725,2019-06-21 03:00,0.39,rain,29.81,2019-06-21 16:00,17.61,29.81,2019-06-22 05:00,30.2,2019-06-21 16:00,2019-06-22 04:00,17.92,16.56,0.66,1014.82,3.09,5.14,284,0.5,7,10.296,318.9,18.69,2019-06-21 05:00,2019-06-21 16:00,29.81,18.96,2019-06-21 05:00,30.2,2019-06-21 16:00
171,2019-06-22 00:00,"Light rain until morning, starting again in the evening.",2019-06-22 04:00,0.67,0.1913,1.1537,2019-06-22 22:00,0.71,rain,29.5,2019-06-22 16:00,19.07,29.5,2019-06-23 03:00,30.22,2019-06-22 16:00,2019-06-23 03:00,19.5,18.61,0.75,1016.63,2.75,9.93,86,0.57,5,10.26,330.8,17.61,2019-06-22 05:00,2019-06-22 16:00,29.5,17.92,2019-06-22 04:00,30.22,2019-06-22 16:00
172,2019-06-23 00:00,Light rain throughout the day.,2019-06-23 04:00,0.7,0.7716,1.8543,2019-06-23 07:00,0.99,rain,25.66,2019-06-23 16:00,20.01,25.66,2019-06-24 01:00,25.95,2019-06-23 16:00,2019-06-24 01:00,20.26,18.71,0.83,1015.6,2.55,7.39,20,0.74,5,11.048,333.8,19.07,2019-06-23 03:00,2019-06-23 16:00,25.66,19.5,2019-06-23 03:00,25.95,2019-06-23 16:00
173,2019-06-24 00:00,Humid and mostly cloudy throughout the day.,2019-06-24 04:00,0.73,0.0408,0.1212,2019-06-24 00:00,0.26,rain,29.27,2019-06-24 16:00,19.98,29.27,2019-06-25 04:00,32.87,2019-06-24 15:00,2019-06-25 04:00,20.21,18.48,0.7,1019.01,3.56,10.75,1,0.63,6,10.003,335.6,20.05,2019-06-24 01:00,2019-06-24 16:00,29.27,20.3,2019-06-24 01:00,32.87,2019-06-24 15:00
174,2019-06-25 00:00,Humid and partly cloudy throughout the day.,2019-06-25 04:00,0.76,0.0011,0.003,2019-06-25 01:00,0.01,rain,32.19,2019-06-25 16:00,21.28,32.19,2019-06-26 05:00,35.63,2019-06-25 15:00,2019-06-26 05:00,21.84,19.63,0.67,1022.94,2.95,5.27,62,0.36,7,10.003,334.8,19.99,2019-06-25 04:00,2019-06-25 16:00,32.19,20.21,2019-06-25 04:00,35.63,2019-06-25 15:00
175,2019-06-26 00:00,Humid throughout the day.,2019-06-26 04:00,0.79,0.0,0.0,2019-06-26 14:00,0.0,,33.8,2019-06-26 16:00,20.57,33.8,2019-06-27 04:00,37.32,2019-06-26 16:00,2019-06-27 04:00,21.05,20.63,0.66,1023.26,1.78,4.61,204,0.03,8,10.003,324.7,21.28,2019-06-26 05:00,2019-06-26 16:00,33.8,21.84,2019-06-26 05:00,37.32,2019-06-26 16:00
176,2019-06-27 00:00,Humid and partly cloudy throughout the day.,2019-06-27 04:00,0.82,0.0147,0.1012,2019-06-27 15:00,0.16,rain,33.49,2019-06-27 13:00,18.74,33.49,2019-06-28 04:00,39.42,2019-06-27 13:00,2019-06-28 04:00,18.74,19.77,0.66,1017.3,3.75,13.27,279,0.07,9,10.012,315.1,20.33,2019-06-27 05:00,2019-06-27 13:00,33.49,20.97,2019-06-27 05:00,39.42,2019-06-27 13:00
177,2019-06-28 00:00,Clear throughout the day.,2019-06-28 04:00,0.86,0.0,0.0,2019-06-28 06:00,0.0,,26.58,2019-06-28 16:00,16.09,26.58,2019-06-29 03:00,26.58,2019-06-28 16:00,2019-06-29 03:00,16.09,9.42,0.41,1018.22,4.22,8.12,330,0.1,8,10.004,329.7,18.95,2019-06-28 04:00,2019-06-28 16:00,26.58,18.95,2019-06-28 04:00,26.58,2019-06-28 16:00
178,2019-06-29 00:00,Partly cloudy throughout the day.,2019-06-29 04:00,0.89,0.0,0.0,2019-06-29 02:00,0.0,,27.84,2019-06-29 18:00,14.56,27.84,2019-06-30 05:00,28.0,2019-06-29 17:00,2019-06-30 05:00,14.58,13.03,0.58,1020.56,2.66,5.22,287,0.15,7,10.003,326.0,16.09,2019-06-29 03:00,2019-06-29 18:00,27.84,16.09,2019-06-29 03:00,28.0,2019-06-29 17:00
179,2019-06-30 00:00,Clear throughout the day.,2019-06-30 04:00,0.93,0.0,0.0,2019-06-30 08:00,0.0,,30.64,2019-06-30 15:00,16.59,30.64,2019-07-01 04:00,31.31,2019-06-30 17:00,2019-07-01 04:00,16.68,15.98,0.65,1019.91,2.27,7.83,203,0.0,8,10.003,323.8,14.56,2019-06-30 05:00,2019-06-30 15:00,30.64,14.58,2019-06-30 05:00,31.31,2019-06-30 17:00
180,2019-07-01 00:00,Partly cloudy throughout the day.,2019-07-01 04:00,0.96,0.001,0.0072,2019-07-01 20:00,0.02,rain,35.76,2019-07-01 16:00,18.18,35.76,2019-07-02 05:00,36.05,2019-07-01 16:00,2019-07-02 05:00,18.28,17.33,0.62,1016.23,3.0,6.69,187,0.25,9,10.003,315.7,16.59,2019-07-01 04:00,2019-07-01 16:00,35.76,16.68,2019-07-01 04:00,36.05,2019-07-01 16:00
181,2019-07-02 00:00,Partly cloudy throughout the day.,2019-07-02 04:00,1.0,0.0022,0.0191,2019-07-02 23:00,0.06,rain,31.1,2019-07-02 16:00,19.41,31.1,2019-07-03 06:00,31.15,2019-07-02 16:00,2019-07-03 06:00,19.41,16.32,0.56,1014.44,4.06,9.64,312,0.38,9,10.817,314.7,18.18,2019-07-02 05:00,2019-07-02 16:00,31.1,18.28,2019-07-02 05:00,31.15,2019-07-02 16:00
182,2019-07-03 00:00,Clear throughout the day.,2019-07-03 04:00,0.04,0.0025,0.011,2019-07-03 00:00,0.02,rain,29.37,2019-07-03 16:00,17.53,29.37,2019-07-04 04:00,29.37,2019-07-03 16:00,2019-07-04 04:00,17.53,11.84,0.46,1017.13,3.96,11.36,301,0.2,9,10.148,319.6,19.41,2019-07-03 06:00,2019-07-03 16:00,29.37,19.41,2019-07-03 06:00,29.37,2019-07-03 16:00
183,2019-07-04 00:00,Mostly cloudy throughout the day.,2019-07-04 04:00,0.08,0.0,0.0,2019-07-04 23:00,0.0,,27.37,2019-07-04 14:00,11.99,27.37,2019-07-05 05:00,27.37,2019-07-04 14:00,2019-07-05 05:00,11.99,9.53,0.45,1019.68,3.0,7.08,304,0.57,4,10.003,321.0,16.07,2019-07-04 23:00,2019-07-04 14:00,27.37,16.07,2019-07-04 23:00,27.37,2019-07-04 14:00
184,2019-07-05 00:00,Partly cloudy throughout the day.,2019-07-05 04:00,0.11,0.0028,0.0159,2019-07-05 15:00,0.01,rain,30.28,2019-07-05 16:00,13.35,30.28,2019-07-06 05:00,30.28,2019-07-05 16:00,2019-07-06 05:00,13.35,12.3,0.57,1015.44,3.31,10.93,260,0.25,7,10.003,319.8,11.99,2019-07-05 05:00,2019-07-05 16:00,30.28,11.99,2019-07-05 05:00,30.28,2019-07-05 16:00
185,2019-07-06 00:00,Possible light rain overnight.,2019-07-06 04:00,0.15,0.0147,0.2098,2019-07-06 23:00,0.11,rain,31.51,2019-07-06 19:00,20.27,31.51,2019-07-07 06:00,33.35,2019-07-06 14:00,2019-07-07 06:00,20.92,14.41,0.58,1012.17,2.55,9.08,205,0.19,8,10.873,316.9,13.35,2019-07-06 05:00,2019-07-06 19:00,31.51,13.35,2019-07-06 05:00,33.35,2019-07-06 14:00
186,2019-07-07 00:00,Windy in the evening.,2019-07-07 04:00,0.19,0.071,0.5382,2019-07-07 02:00,0.53,rain,29.11,2019-07-07 15:00,15.96,29.11,2019-07-08 06:00,29.11,2019-07-07 15:00,2019-07-08 06:00,15.96,17.15,0.7,1007.76,3.25,18.96,264,0.69,6,10.338,322.2,19.37,2019-07-07 23:00,2019-07-07 15:00,29.11,19.6,2019-07-07 23:00,29.11,2019-07-07 15:00
187,2019-07-08 00:00,Mostly cloudy throughout the day.,2019-07-08 04:00,0.23,0.0016,0.0094,2019-07-08 20:00,0.02,rain,24.98,2019-07-08 15:00,12.78,24.98,2019-07-09 06:00,24.98,2019-07-08 15:00,2019-07-09 06:00,12.78,10.95,0.57,1013.43,4.3,10.3,294,0.54,7,10.51,340.5,15.96,2019-07-08 06:00,2019-07-08 15:00,24.98,15.96,2019-07-08 06:00,24.98,2019-07-08 15:00
188,2019-07-09 00:00,Mostly cloudy throughout the day.,2019-07-09 04:00,0.26,0.0067,0.043,2019-07-09 11:00,0.08,rain,25.01,2019-07-09 14:00,13.09,25.01,2019-07-10 05:00,25.01,2019-07-09 14:00,2019-07-10 05:00,13.09,9.61,0.58,1014.74,2.82,8.09,316,0.83,4,10.006,352.7,12.78,2019-07-09 06:00,2019-07-09 14:00,25.01,12.78,2019-07-09 06:00,25.01,2019-07-09 14:00
189,2019-07-10 00:00,Partly cloudy throughout the day.,2019-07-10 04:00,0.3,0.003,0.0083,2019-07-10 14:00,0.05,rain,23.57,2019-07-10 18:00,9.26,23.57,2019-07-11 05:00,23.57,2019-07-10 18:00,2019-07-11 04:00,8.83,7.68,0.51,1014.17,4.66,13.15,309,0.47,7,10.003,373.5,13.09,2019-07-10 05:00,2019-07-10 18:00,23.57,13.09,2019-07-10 05:00,23.57,2019-07-10 18:00
190,2019-07-11 00:00,Partly cloudy throughout the day.,2019-07-11 04:00,0.33,0.0017,0.0073,2019-07-11 14:00,0.04,rain,25.65,2019-07-11 15:00,11.43,25.65,2019-07-12 06:00,25.65,2019-07-11 15:00,2019-07-12 06:00,11.43,9.34,0.59,1013.3,3.49,12.6,300,0.12,7,10.003,362.3,9.26,2019-07-11 05:00,2019-07-11 15:00,25.65,8.83,2019-07-11 04:00,25.65,2019-07-11 15:00
191,2019-07-12 00:00,Possible light rain in the afternoon.,2019-07-12 05:00,0.37,0.0527,0.4581,2019-07-12 14:00,0.45,rain,20.95,2019-07-12 18:00,13.69,20.95,2019-07-13 00:00,20.95,2019-07-12 18:00,2019-07-13 00:00,13.69,12.59,0.77,1013.48,1.85,5.48,224,0.49,5,9.719,355.6,11.43,2019-07-12 06:00,2019-07-12 18:00,20.95,11.43,2019-07-12 06:00,20.95,2019-07-12 18:00
192,2019-07-13 00:00,Possible light rain in the afternoon and evening.,2019-07-13 05:00,0.4,0.1386,0.7049,2019-07-13 14:00,0.71,rain,23.11,2019-07-13 16:00,14.36,23.11,2019-07-14 06:00,23.11,2019-07-13 16:00,2019-07-14 05:00,14.38,14.91,0.85,1010.93,2.5,8.37,288,0.71,5,10.102,365.1,13.69,2019-07-13 00:00,2019-07-13 16:00,23.11,13.69,2019-07-13 00:00,23.11,2019-07-13 16:00
193,2019-07-14 00:00,Partly cloudy throughout the day.,2019-07-14 05:00,0.43,0.0207,0.2004,2019-07-14 14:00,0.33,rain,23.72,2019-07-14 15:00,14.6,23.72,2019-07-15 05:00,23.72,2019-07-14 15:00,2019-07-15 05:00,14.6,13.91,0.76,1010.64,3.26,7.57,323,0.55,6,10.47,364.8,14.36,2019-07-14 06:00,2019-07-14 15:00,23.72,14.38,2019-07-14 05:00,23.72,2019-07-14 15:00
194,2019-07-15 00:00,Partly cloudy throughout the day.,2019-07-15 05:00,0.46,0.0244,0.1278,2019-07-15 02:00,0.15,rain,26.11,2019-07-15 18:00,11.42,26.11,2019-07-16 05:00,26.11,2019-07-15 18:00,2019-07-16 05:00,11.42,11.22,0.63,1013.11,2.55,4.59,335,0.28,6,9.998,369.4,14.6,2019-07-15 05:00,2019-07-15 18:00,26.11,14.6,2019-07-15 05:00,26.11,2019-07-15 18:00
195,2019-07-16 00:00,Partly cloudy throughout the day.,2019-07-16 05:00,0.5,0.0028,0.0072,2019-07-16 19:00,0.03,rain,26.67,2019-07-16 19:00,14.86,26.67,2019-07-17 06:00,26.67,2019-07-16 19:00,2019-07-17 06:00,14.86,11.01,0.57,1012.82,2.67,6.81,314,0.14,7,10.003,357.0,11.42,2019-07-16 05:00,2019-07-16 19:00,26.67,11.42,2019-07-16 05:00,26.67,2019-07-16 19:00
196,2019-07-17 00:00,Partly cloudy throughout the day.,2019-07-17 05:00,0.53,0.0036,0.0094,2019-07-17 15:00,0.04,rain,26.34,2019-07-17 17:00,14.54,26.34,2019-07-18 02:00,26.34,2019-07-17 17:00,2019-07-18 02:00,14.54,10.87,0.56,1012.43,4.68,8.75,297,0.08,8,10.003,341.2,14.86,2019-07-17 06:00,2019-07-17 17:00,26.34,14.86,2019-07-17 06:00,26.34,2019-07-17 17:00
197,2019-07-18 00:00,Foggy overnight.,2019-07-18 05:00,0.56,0.0953,0.4393,2019-07-18 20:00,0.22,rain,25.79,2019-07-18 18:00,14.31,25.79,2019-07-19 03:00,25.88,2019-07-18 18:00,2019-07-19 03:00,14.31,14.57,0.69,1013.34,2.57,5.06,140,0.56,5,10.231,349.2,14.54,2019-07-18 02:00,2019-07-18 18:00,25.79,14.54,2019-07-18 02:00,25.88,2019-07-18 18:00
198,2019-07-19 00:00,Mostly cloudy throughout the day.,2019-07-19 05:00,0.59,0.0526,0.2305,2019-07-19 08:00,0.14,rain,28.87,2019-07-19 16:00,16.34,28.87,2019-07-20 05:00,29.04,2019-07-19 18:00,2019-07-20 05:00,16.45,15.45,0.68,1016.38,2.34,5.32,158,0.43,7,11.373,345.7,14.31,2019-07-19 03:00,2019-07-19 16:00,28.87,14.31,2019-07-19 03:00,29.04,2019-07-19 18:00
199,2019-07-20 00:00,Mostly cloudy throughout the day.,2019-07-20 05:00,0.62,0.0354,0.1775,2019-07-20 02:00,0.12,rain,31.49,2019-07-20 16:00,18.4,31.49,2019-07-21 04:00,31.49,2019-07-20 16:00,2019-07-21 04:00,18.52,16.54,0.64,1017.42,2.47,6.32,177,0.57,7,10.118,330.4,16.34,2019-07-20 05:00,2019-07-20 16:00,31.49,16.45,2019-07-20 05:00,31.49,2019-07-20 16:00
200,2019-07-21 00:00,Mostly cloudy throughout the day.,2019-07-21 05:00,0.65,0.0227,0.1405,2019-07-21 08:00,0.31,rain,33.25,2019-07-21 16:00,17.69,33.25,2019-07-22 05:00,34.63,2019-07-21 16:00,2019-07-22 05:00,17.78,17.86,0.67,1018.19,3.21,7.87,244,0.66,5,10.264,325.6,18.4,2019-07-21 04:00,2019-07-21 16:00,33.25,18.52,2019-07-21 04:00,34.63,2019-07-21 16:00
201,2019-07-22 00:00,Mostly cloudy throughout the day.,2019-07-22 05:00,0.68,0.0023,0.0083,2019-07-22 14:00,0.02,rain,31.12,2019-07-22 16:00,19.79,31.12,2019-07-23 02:00,31.12,2019-07-22 16:00,2019-07-23 02:00,19.79,14.59,0.59,1021.41,3.49,8.51,315,0.55,7,9.993,325.7,17.69,2019-07-22 05:00,2019-07-22 16:00,31.12,17.78,2019-07-22 05:00,31.12,2019-07-22 16:00
202,2019-07-23 00:00,Mostly cloudy throughout the day.,2019-07-23 05:00,0.71,0.0031,0.0083,2019-07-23 00:00,0.04,rain,30.7,2019-07-23 16:00,16.09,30.7,2019-07-24 06:00,30.7,2019-07-23 16:00,2019-07-24 06:00,16.25,15.08,0.55,1018.59,4.39,9.09,324,0.6,5,10.003,302.6,19.79,2019-07-23 02:00,2019-07-23 16:00,30.7,19.79,2019-07-23 02:00,30.7,2019-07-23 16:00
203,2019-07-24 00:00,Partly cloudy throughout the day.,2019-07-24 05:00,0.74,0.0024,0.0072,2019-07-24 05:00,0.02,rain,30.11,2019-07-24 16:00,16.91,30.11,2019-07-25 04:00,30.87,2019-07-24 18:00,2019-07-25 04:00,17.23,16.85,0.66,1017.62,1.75,4.59,155,0.37,6,10.003,300.3,15.97,2019-07-24 06:00,2019-07-24 16:00,30.11,16.13,2019-07-24 06:00,30.87,2019-07-24 18:00
204,2019-07-25 00:00,Clear throughout the day.,2019-07-25 05:00,0.77,0.0,0.0,2019-07-25 14:00,0.0,,32.52,2019-07-25 16:00,16.91,32.52,2019-07-26 06:00,32.52,2019-07-25 16:00,2019-07-26 06:00,17.19,16.65,0.65,1017.05,2.64,6.26,78,0.05,8,10.003,309.6,16.91,2019-07-25 04:00,2019-07-25 16:00,32.52,17.23,2019-07-25 04:00,32.52,2019-07-25 16:00
205,2019-07-26 00:00,Possible light rain overnight.,2019-07-26 05:00,0.81,0.0412,0.2785,2019-07-26 23:00,0.18,rain,32.63,2019-07-26 12:00,19.11,32.63,2019-07-27 06:00,34.23,2019-07-26 13:00,2019-07-27 06:00,19.54,18.02,0.69,1011.5,2.3,13.68,166,0.15,8,10.34,317.3,16.91,2019-07-26 06:00,2019-07-26 12:00,32.63,17.19,2019-07-26 06:00,34.23,2019-07-26 13:00
206,2019-07-27 00:00,Possible light rain throughout the day.,2019-07-27 05:00,0.84,0.3675,0.853,2019-07-27 08:00,0.84,rain,25.07,2019-07-27 11:00,17.7,25.07,2019-07-28 05:00,25.4,2019-07-27 11:00,2019-07-28 05:00,18.09,19.2,0.85,1006.37,4.02,12.63,57,0.57,6,7.044,307.4,19.11,2019-07-27 06:00,2019-07-27 11:00,25.07,19.54,2019-07-27 06:00,25.4,2019-07-27 11:00
207,2019-07-28 00:00,Possible drizzle overnight.,2019-07-28 05:00,0.87,0.048,0.2758,2019-07-28 00:00,0.48,rain,27.93,2019-07-28 17:00,19.02,27.93,2019-07-29 03:00,30.51,2019-07-28 13:00,2019-07-29 03:00,19.47,19.53,0.85,1003.21,3.73,13.12,59,0.61,7,10.319,304.9,17.7,2019-07-28 05:00,2019-07-28 17:00,27.93,18.09,2019-07-28 05:00,30.51,2019-07-28 13:00
208,2019-07-29 00:00,Light rain in the morning.,2019-07-29 05:00,0.91,0.1538,0.8869,2019-07-29 08:00,0.79,rain,27.24,2019-07-29 19:00,18.46,27.24,2019-07-30 06:00,28.85,2019-07-29 19:00,2019-07-30 06:00,18.93,19.4,0.85,1006.41,2.26,7.89,1,0.69,5,9.598,305.2,19.02,2019-07-29 03:00,2019-07-29 19:00,27.24,19.47,2019-07-29 03:00,28.85,2019-07-29 19:00
209,2019-07-30 00:00,Humid and partly cloudy throughout the day.,2019-07-30 05:00,0.95,0.0278,0.194,2019-07-30 02:00,0.11,rain,30.72,2019-07-30 16:00,20.51,30.72,2019-07-31 06:00,34.9,2019-07-30 15:00,2019-07-31 06:00,21.17,19.4,0.75,1008.39,3.06,9.48,303,0.24,7,9.74,308.0,18.46,2019-07-30 06:00,2019-07-30 16:00,30.72,18.93,2019-07-30 06:00,34.9,2019-07-30 15:00
210,2019-07-31 00:00,Partly cloudy throughout the day.,2019-07-31 05:00,0.99,0.0156,0.0771,2019-07-31 17:00,0.09,rain,30.98,2019-07-31 14:00,21.2,30.98,2019-08-01 01:00,32.8,2019-07-31 14:00,2019-08-01 01:00,21.47,19.73,0.71,1011.29,3.15,8.91,302,0.26,7,10.003,303.3,20.51,2019-07-31 06:00,2019-07-31 14:00,30.98,21.17,2019-07-31 06:00,32.8,2019-07-31 14:00
211,2019-08-01 00:00,Partly cloudy throughout the day.,2019-08-01 05:00,0.03,0.0006,0.0037,2019-08-01 00:00,0.04,rain,30.2,2019-08-01 16:00,15.93,30.2,2019-08-02 02:00,30.82,2019-08-01 16:00,2019-08-02 02:00,16.12,17.5,0.67,1013.7,3.99,7.73,295,0.35,7,10.002,316.0,20.23,2019-08-01 22:00,2019-08-01 16:00,30.2,20.23,2019-08-01 22:00,30.82,2019-08-01 16:00
212,2019-08-02 00:00,Possible light rain in the evening and overnight.,2019-08-02 05:00,0.07,0.1051,0.6175,2019-08-02 20:00,0.64,rain,27.64,2019-08-02 11:00,17.88,27.64,2019-08-03 06:00,27.79,2019-08-02 13:00,2019-08-03 06:00,18.21,16.59,0.77,1013.36,1.32,4.38,323,0.71,5,9.664,307.5,15.93,2019-08-02 02:00,2019-08-02 11:00,27.64,16.12,2019-08-02 02:00,27.79,2019-08-02 13:00
213,2019-08-03 00:00,Mostly cloudy throughout the day.,2019-08-03 05:00,0.1,0.0462,0.1739,2019-08-03 00:00,0.62,rain,25.19,2019-08-03 12:00,14.91,25.19,2019-08-04 05:00,25.28,2019-08-03 12:00,2019-08-04 05:00,14.99,16.66,0.77,1011.14,3.14,10.09,333,0.67,6,9.752,327.5,17.88,2019-08-03 06:00,2019-08-03 12:00,25.19,18.21,2019-08-03 06:00,25.28,2019-08-03 12:00
214,2019-08-04 00:00,Partly cloudy throughout the day.,2019-08-04 05:00,0.14,0.002,0.0051,2019-08-04 02:00,0.06,rain,26.11,2019-08-04 18:00,13.29,26.11,2019-08-05 05:00,26.11,2019-08-04 18:00,2019-08-05 05:00,13.29,12.5,0.63,1014.36,3.19,6.5,303,0.12,7,10.003,337.0,14.91,2019-08-04 05:00,2019-08-04 18:00,26.11,14.99,2019-08-04 05:00,26.11,2019-08-04 18:00
215,2019-08-05 00:00,Windy in the morning.,2019-08-05 05:00,0.18,0.0012,0.0041,2019-08-05 00:00,0.04,rain,28.1,2019-08-05 18:00,17.58,28.1,2019-08-06 06:00,28.27,2019-08-05 17:00,2019-08-06 06:00,18.01,14.25,0.66,1014.91,2.2,20.75,233,0.38,7,10.057,326.6,13.29,2019-08-05 05:00,2019-08-05 18:00,28.1,13.29,2019-08-05 05:00,28.27,2019-08-05 17:00
216,2019-08-06 00:00,Foggy overnight.,2019-08-06 05:00,0.22,0.0342,0.2313,2019-08-06 03:00,0.14,rain,29.84,2019-08-06 15:00,18.69,29.84,2019-08-07 06:00,30.67,2019-08-06 16:00,2019-08-07 06:00,19.19,18.45,0.75,1013.77,2.01,5.32,184,0.62,5,10.596,318.1,17.58,2019-08-06 06:00,2019-08-06 15:00,29.84,18.01,2019-08-06 06:00,30.67,2019-08-06 16:00
217,2019-08-07 00:00,Humid and partly cloudy throughout the day.,2019-08-07 05:00,0.25,0.0269,0.1304,2019-08-07 02:00,0.18,rain,30.76,2019-08-07 18:00,19.96,30.76,2019-08-08 06:00,33.87,2019-08-07 16:00,2019-08-08 06:00,20.34,20.08,0.76,1010.64,2.84,10.15,168,0.47,7,9.475,318.1,18.69,2019-08-07 06:00,2019-08-07 18:00,30.76,19.19,2019-08-07 06:00,33.87,2019-08-07 16:00
218,2019-08-08 00:00,Mostly cloudy throughout the day.,2019-08-08 05:00,0.29,0.0046,0.0151,2019-08-08 05:00,0.16,rain,25.07,2019-08-08 16:00,15.32,25.07,2019-08-09 06:00,25.28,2019-08-08 16:00,2019-08-09 06:00,15.46,18.01,0.78,1012.84,3.63,11.92,276,0.85,5,10.003,324.1,18.52,2019-08-08 23:00,2019-08-08 00:00,25.62,18.8,2019-08-08 23:00,26.24,2019-08-08 00:00
219,2019-08-09 00:00,Humid and partly cloudy throughout the day.,2019-08-09 05:00,0.32,0.0,0.0,2019-08-09 17:00,0.0,,30.76,2019-08-09 18:00,18.03,30.76,2019-08-10 05:00,30.76,2019-08-09 18:00,2019-08-10 05:00,18.43,16.7,0.69,1014.6,2.2,5.02,224,0.34,7,10.003,319.2,15.32,2019-08-09 06:00,2019-08-09 18:00,30.76,15.46,2019-08-09 06:00,30.76,2019-08-09 18:00
220,2019-08-10 00:00,Humid and partly cloudy throughout the day.,2019-08-10 05:00,0.35,0.0005,0.003,2019-08-10 16:00,0.02,rain,33.95,2019-08-10 18:00,20.08,33.95,2019-08-11 06:00,35.57,2019-08-10 18:00,2019-08-11 06:00,20.19,19.65,0.7,1014.97,2.44,10.11,180,0.22,7,10.003,299.7,18.03,2019-08-10 05:00,2019-08-10 18:00,33.95,18.43,2019-08-10 05:00,35.57,2019-08-10 18:00
221,2019-08-11 00:00,Partly cloudy throughout the day.,2019-08-11 05:00,0.38,0.002,0.0062,2019-08-11 05:00,0.01,rain,32.58,2019-08-11 16:00,19.88,32.58,2019-08-12 05:00,32.58,2019-08-11 16:00,2019-08-12 05:00,19.88,15.47,0.56,1016.69,2.96,6.45,280,0.1,8,10.003,289.5,20.08,2019-08-11 06:00,2019-08-11 16:00,32.58,20.19,2019-08-11 06:00,32.58,2019-08-11 16:00
222,2019-08-12 00:00,Humid and partly cloudy throughout the day.,2019-08-12 05:00,0.42,0.0015,0.0062,2019-08-12 08:00,0.03,rain,35.5,2019-08-12 18:00,19.96,35.5,2019-08-13 08:00,36.77,2019-08-12 18:00,2019-08-13 08:00,20.24,18.36,0.58,1013.04,2.09,5.41,158,0.1,8,9.988,288.7,19.88,2019-08-12 05:00,2019-08-12 18:00,35.5,19.88,2019-08-12 05:00,36.77,2019-08-12 18:00
223,2019-08-13 00:00,Light rain throughout the day.,2019-08-13 05:00,0.45,0.4239,0.9622,2019-08-13 23:00,0.9,rain,25.79,2019-08-13 11:00,15.76,25.79,2019-08-14 04:00,26.06,2019-08-13 11:00,2019-08-14 04:00,15.9,18.44,0.76,1013.63,4.74,8.77,307,0.52,5,8.04,291.4,19.73,2019-08-13 23:00,2019-08-13 11:00,25.79,19.97,2019-08-13 23:00,26.06,2019-08-13 11:00
224,2019-08-14 00:00,Light rain in the morning and afternoon.,2019-08-14 05:00,0.48,0.5639,1.5063,2019-08-14 02:00,0.92,rain,22.18,2019-08-14 17:00,11.03,22.18,2019-08-15 06:00,22.18,2019-08-14 17:00,2019-08-15 06:00,11.03,15.09,0.82,1014.85,4.5,9.74,307,0.65,5,11.023,310.5,15.11,2019-08-14 23:00,2019-08-14 17:00,22.18,15.11,2019-08-14 23:00,22.18,2019-08-14 17:00
225,2019-08-15 00:00,Partly cloudy throughout the day.,2019-08-15 05:00,0.51,0.0018,0.0062,2019-08-15 05:00,0.04,rain,25.78,2019-08-15 16:00,12.51,25.78,2019-08-16 06:00,25.78,2019-08-15 16:00,2019-08-16 06:00,12.51,11.01,0.65,1016.76,1.49,3.46,278,0.27,7,9.92,322.3,11.03,2019-08-15 06:00,2019-08-15 16:00,25.78,11.03,2019-08-15 06:00,25.78,2019-08-15 16:00
226,2019-08-16 00:00,Mostly cloudy throughout the day.,2019-08-16 05:00,0.54,0.0323,0.2884,2019-08-16 08:00,0.13,rain,25.59,2019-08-16 16:00,12.65,25.59,2019-08-17 05:00,25.59,2019-08-16 16:00,2019-08-17 05:00,12.65,13.79,0.73,1016.48,2.43,6.15,294,0.62,6,10.011,326.7,12.51,2019-08-16 06:00,2019-08-16 16:00,25.59,12.51,2019-08-16 06:00,25.59,2019-08-16 16:00
227,2019-08-17 00:00,Mostly cloudy throughout the day.,2019-08-17 05:00,0.57,0.0009,0.0065,2019-08-17 02:00,0.03,rain,26.78,2019-08-17 17:00,16.16,26.78,2019-08-18 04:00,26.78,2019-08-17 17:00,2019-08-18 04:00,16.25,13.76,0.68,1016.41,1.77,4.59,261,0.44,5,10.002,312.4,12.65,2019-08-17 05:00,2019-08-17 17:00,26.78,12.65,2019-08-17 05:00,26.78,2019-08-17 17:00
228,2019-08-18 00:00,Mostly cloudy throughout the day.,2019-08-18 05:00,0.6,0.0033,0.0094,2019-08-18 23:00,0.03,rain,31.21,2019-08-18 16:00,15.58,31.21,2019-08-19 06:00,31.21,2019-08-18 16:00,2019-08-19 06:00,15.81,16.31,0.71,1015.36,2.68,6.61,175,0.49,7,10.003,287.4,16.16,2019-08-18 04:00,2019-08-18 16:00,31.21,16.25,2019-08-18 04:00,31.21,2019-08-18 16:00
229,2019-08-19 00:00,Humid and partly cloudy throughout the day.,2019-08-19 05:00,0.63,0.0034,0.0116,2019-08-19 10:00,0.01,rain,33.14,2019-08-19 17:00,17.41,33.14,2019-08-20 05:00,33.14,2019-08-19 17:00,2019-08-20 05:00,17.77,16.12,0.65,1015.72,2.22,5.19,157,0.17,7,10.003,291.2,15.58,2019-08-19 06:00,2019-08-19 17:00,33.14,15.81,2019-08-19 06:00,33.14,2019-08-19 17:00
230,2019-08-20 00:00,Partly cloudy throughout the day.,2019-08-20 05:00,0.66,0.022,0.1282,2019-08-20 09:00,0.05,rain,33.75,2019-08-20 18:00,19.14,33.75,2019-08-21 06:00,33.84,2019-08-20 15:00,2019-08-21 06:00,19.72,17.5,0.64,1018.09,1.54,10.09,171,0.21,8,10.003,283.8,17.41,2019-08-20 05:00,2019-08-20 18:00,33.75,17.77,2019-08-20 05:00,33.84,2019-08-20 15:00
231,2019-08-21 00:00,Partly cloudy throughout the day.,2019-08-21 05:00,0.69,0.0018,0.0094,2019-08-21 23:00,0.02,rain,28.99,2019-08-21 14:00,15.5,28.99,2019-08-22 06:00,30.43,2019-08-21 15:00,2019-08-22 06:00,15.56,17.25,0.7,1020.36,5.18,9.18,297,0.15,8,10.015,283.7,19.14,2019-08-21 06:00,2019-08-21 14:00,28.99,19.18,2019-08-21 23:00,30.43,2019-08-21 15:00
232,2019-08-22 00:00,Foggy in the morning and afternoon.,2019-08-22 05:00,0.72,0.0984,0.6298,2019-08-22 14:00,0.29,rain,30.41,2019-08-22 16:00,20.04,30.41,2019-08-23 01:00,31.91,2019-08-22 14:00,2019-08-23 01:00,20.22,16.45,0.69,1024.31,2.31,5.87,335,0.87,5,8.022,288.2,15.5,2019-08-22 06:00,2019-08-22 16:00,30.41,15.56,2019-08-22 06:00,31.91,2019-08-22 14:00
233,2019-08-23 00:00,Mostly cloudy throughout the day.,2019-08-23 05:00,0.75,0.0057,0.0266,2019-08-23 01:00,0.07,rain,31.11,2019-08-23 16:00,18.94,31.11,2019-08-24 07:00,32.58,2019-08-23 16:00,2019-08-24 05:00,19.38,18.49,0.69,1023.26,2.15,4.64,354,0.66,6,9.618,290.0,20.04,2019-08-23 01:00,2019-08-23 16:00,31.11,20.22,2019-08-23 01:00,32.58,2019-08-23 16:00
234,2019-08-24 00:00,Foggy in the afternoon.,2019-08-24 05:00,0.79,0.2326,2.733,2019-08-24 14:00,0.18,rain,32.58,2019-08-24 16:00,21.92,32.58,2019-08-25 06:00,34.07,2019-08-24 16:00,2019-08-25 06:00,22.27,18.53,0.66,1021.19,2.55,6.39,48,0.83,5,9.053,295.8,18.94,2019-08-24 07:00,2019-08-24 16:00,32.58,19.38,2019-08-24 05:00,34.07,2019-08-24 16:00
235,2019-08-25 00:00,Mostly cloudy throughout the day.,2019-08-25 05:00,0.82,0.3725,1.7524,2019-08-25 03:00,0.35,rain,31.65,2019-08-25 17:00,21.57,31.65,2019-08-26 05:00,33.2,2019-08-25 16:00,2019-08-26 05:00,21.91,18.88,0.62,1020.28,2.92,7.24,42,0.67,6,8.329,301.3,21.92,2019-08-25 06:00,2019-08-25 17:00,31.65,22.27,2019-08-25 06:00,33.2,2019-08-25 16:00
236,2019-08-26 00:00,Humid and mostly cloudy throughout the day.,2019-08-26 05:00,0.86,0.0014,0.0073,2019-08-26 00:00,0.07,rain,28.55,2019-08-26 18:00,21.42,28.55,2019-08-27 06:00,30.41,2019-08-26 18:00,2019-08-26 23:00,21.83,19.19,0.73,1020.05,2.65,7.76,72,0.63,5,10.0,300.6,21.57,2019-08-26 05:00,2019-08-26 18:00,28.55,21.83,2019-08-26 23:00,30.41,2019-08-26 18:00
237,2019-08-27 00:00,Humid and mostly cloudy throughout the day.,2019-08-27 05:00,0.9,0.0052,0.0568,2019-08-27 02:00,0.05,rain,30.78,2019-08-27 18:00,19.05,30.78,2019-08-28 06:00,33.78,2019-08-27 12:00,2019-08-28 06:00,19.53,18.9,0.67,1019.73,2.45,5.98,123,0.69,6,9.985,292.4,21.42,2019-08-27 06:00,2019-08-27 18:00,30.78,21.92,2019-08-27 02:00,33.78,2019-08-27 12:00
238,2019-08-28 00:00,Foggy in the evening.,2019-08-28 05:00,0.93,0.0175,0.1447,2019-08-28 20:00,0.05,rain,34.31,2019-08-28 16:00,19.07,34.31,2019-08-29 07:00,34.31,2019-08-28 16:00,2019-08-29 07:00,19.5,17.58,0.62,1018.85,2.71,5.48,106,0.18,7,9.064,289.0,19.05,2019-08-28 06:00,2019-08-28 16:00,34.31,19.53,2019-08-28 06:00,34.31,2019-08-28 16:00
239,2019-08-29 00:00,Partly cloudy throughout the day.,2019-08-29 05:00,0.97,0.0019,0.0167,2019-08-29 00:00,0.03,rain,33.68,2019-08-29 17:00,18.32,33.68,2019-08-30 06:00,33.68,2019-08-29 17:00,2019-08-30 06:00,18.54,15.41,0.55,1017.6,2.07,4.21,106,0.33,7,10.055,285.6,19.07,2019-08-29 07:00,2019-08-29 17:00,33.68,19.5,2019-08-29 07:00,33.68,2019-08-29 17:00
240,2019-08-30 00:00,Mostly cloudy throughout the day.,2019-08-30 06:00,0.01,0.0182,0.1092,2019-08-30 20:00,0.06,rain,33.24,2019-08-30 13:00,20.15,33.24,2019-08-31 06:00,33.24,2019-08-30 13:00,2019-08-31 04:00,20.3,15.28,0.56,1019.3,2.65,12.29,343,0.32,7,10.109,283.5,18.32,2019-08-30 06:00,2019-08-30 13:00,33.24,18.54,2019-08-30 06:00,33.24,2019-08-30 13:00
241,2019-08-31 00:00,Partly cloudy throughout the day.,2019-08-31 06:00,0.05,0.0054,0.0282,2019-08-31 16:00,0.02,rain,32.93,2019-08-31 15:00,21.01,32.93,2019-09-01 05:00,33.65,2019-08-31 14:00,2019-09-01 05:00,21.01,15.62,0.54,1017.65,2.7,7.34,27,0.21,7,10.064,283.3,20.15,2019-08-31 06:00,2019-08-31 15:00,32.93,20.3,2019-08-31 04:00,33.65,2019-08-31 14:00
